startstation,eindstation,ritten,rondrit
"Hyde Park Corner, Hyde Park","Hyde Park Corner, Hyde Park",20733,True
"Aquatic Centre, Queen Elizabeth Olympic Park","Aquatic Centre, Queen Elizabeth Olympic Park",17139,True
"Albert Gate, Hyde Park","Albert Gate, Hyde Park",9842,True
"Park Lane , Hyde Park","Park Lane , Hyde Park",7625,True
"Black Lion Gate, Kensington Gardens","Black Lion Gate, Kensington Gardens",7363,True
"Triangle Car Park, Hyde Park","Triangle Car Park, Hyde Park",7054,True
"Podium, Queen Elizabeth Olympic Park","Podium, Queen Elizabeth Olympic Park",4603,True
"Serpentine Car Park, Hyde Park","Serpentine Car Park, Hyde Park",4259,True
"Palace Gate, Kensington Gardens","Palace Gate, Kensington Gardens",4229,True
"Wellington Arch, Hyde Park","Wellington Arch, Hyde Park",3853,True
"Hyde Park Corner, Hyde Park","Albert Gate, Hyde Park",3841,False
"Monier Road, Hackney Wick","Aquatic Centre, Queen Elizabeth Olympic Park",3718,False
"Aquatic Centre, Queen Elizabeth Olympic Park","Monier Road, Hackney Wick",3566,False
"Hyde Park Corner, Hyde Park","Serpentine Car Park, Hyde Park",3502,False
"Albert Gate, Hyde Park","Hyde Park Corner, Hyde Park",3494,False
"Timber Lodge, Queen Elizabeth Olympic Park","Timber Lodge, Queen Elizabeth Olympic Park",3366,True
"Queen's Gate, Kensington Gardens","Queen's Gate, Kensington Gardens",3338,True
"Ackroyd Drive, Bow","Maplin Street, Mile End",3241,False
"East Village, Queen Elizabeth Olympic Park","East Village, Queen Elizabeth Olympic Park",3156,True
"Hyde Park Corner, Hyde Park","Triangle Car Park, Hyde Park",3084,False
"Serpentine Car Park, Hyde Park","Hyde Park Corner, Hyde Park",2999,False
"Maplin Street, Mile End","Ackroyd Drive, Bow",2982,False
"Jubilee Plaza, Canary Wharf","Jubilee Plaza, Canary Wharf",2892,True
"Triangle Car Park, Hyde Park","Hyde Park Corner, Hyde Park",2852,False
"Black Lion Gate, Kensington Gardens","Palace Gate, Kensington Gardens",2836,False
"Hyde Park Corner, Hyde Park","Black Lion Gate, Kensington Gardens",2799,False
"Black Lion Gate, Kensington Gardens","Hyde Park Corner, Hyde Park",2726,False
"Palace Gate, Kensington Gardens","Black Lion Gate, Kensington Gardens",2684,False
"Monier Road, Hackney Wick","Stratford Station, Stratford",2611,False
"Aquatic Centre, Queen Elizabeth Olympic Park","Podium, Queen Elizabeth Olympic Park",2575,False
"Stratford Station, Stratford","Monier Road, Hackney Wick",2552,False
"Bonner Gate, Victoria Park","Bonner Gate, Victoria Park",2552,True
"Hyde Park Corner, Hyde Park","Park Lane , Hyde Park",2493,False
"Park Lane , Hyde Park","Hyde Park Corner, Hyde Park",2438,False
"The Tennis Courts, The Regent's Park","The Tennis Courts, The Regent's Park",2379,True
"Bayswater Road, Hyde Park","Bayswater Road, Hyde Park",2368,True
"Hyde Park Corner, Hyde Park","Queen's Gate, Kensington Gardens",2331,False
"Queen's Gate, Kensington Gardens","Hyde Park Corner, Hyde Park",2315,False
"Nesham Street, Wapping","Wapping Lane, Wapping",2231,False
"Podium, Queen Elizabeth Olympic Park","Aquatic Centre, Queen Elizabeth Olympic Park",2163,False
"Lee Valley VeloPark, Queen Elizabeth Olympic Park","Lee Valley VeloPark, Queen Elizabeth Olympic Park",2158,True
"Queen's Circus, Battersea Park","Queen's Circus, Battersea Park",2150,True
"Upper Bank Street, Canary Wharf","Upper Bank Street, Canary Wharf",2110,True
"Palace Gate, Kensington Gardens","Hyde Park Corner, Hyde Park",2091,False
"Westminster Pier, Westminster","Westminster Pier, Westminster",2043,True
"Maplin Street, Mile End","Furze Green, Bow",1976,False
"Clapham Common Station, Clapham Common","Clapham Common North Side, Clapham Common",1972,False
"Albert Gate, Hyde Park","Park Lane , Hyde Park",1928,False
"Clapham Common North Side, Clapham Common","Clapham Common Station, Clapham Common",1883,False
"Barons Court Station, West Kensington","Greyhound Road, Hammersmith",1881,False
"Parsons Green Station, Parsons Green","St. Peter's Terrace, Fulham",1877,False
"Park Road (Baker Street), The Regent's Park","Park Road (Baker Street), The Regent's Park",1847,True
"Battersea Power Station, Battersea Park","Battersea Power Station, Battersea Park",1842,True
"Lee Valley VeloPark, Queen Elizabeth Olympic Park","Aquatic Centre, Queen Elizabeth Olympic Park",1807,False
"Black Lion Gate, Kensington Gardens","Albert Gate, Hyde Park",1806,False
"Queensway, Kensington Gardens","Queensway, Kensington Gardens",1797,True
"St. Peter's Terrace, Fulham","Parsons Green Station, Parsons Green",1788,False
"Park Lane , Hyde Park","Triangle Car Park, Hyde Park",1777,False
"Humbolt Road, Fulham","Barons Court Station, West Kensington",1736,False
"Wormwood Street, Liverpool Street","Waterloo Station 3, Waterloo",1726,False
"Furze Green, Bow","Maplin Street, Mile End",1689,False
"Hyde Park Corner, Hyde Park","Palace Gate, Kensington Gardens",1682,False
"Aquatic Centre, Queen Elizabeth Olympic Park","Lee Valley VeloPark, Queen Elizabeth Olympic Park",1664,False
"Storey's Gate, Westminster","Storey's Gate, Westminster",1653,True
"Albert Gate, Hyde Park","Black Lion Gate, Kensington Gardens",1632,False
"Riverlight North, Nine Elms","Vauxhall Cross, Vauxhall",1624,False
"Tower Gardens , Tower","Tower Gardens , Tower",1612,True
"Queen's Gate, Kensington Gardens","Black Lion Gate, Kensington Gardens",1604,False
"Wapping Lane, Wapping","Nesham Street, Wapping",1582,False
"Fulham Broadway, Walham Green","Imperial Road, Sands End",1565,False
"Park Lane , Hyde Park","Albert Gate, Hyde Park",1550,False
"Green Park Station, Mayfair","Green Park Station, Mayfair",1548,True
"Triangle Car Park, Hyde Park","Serpentine Car Park, Hyde Park",1534,False
"Albert Gate, Hyde Park","Serpentine Car Park, Hyde Park",1531,False
"Ethelburga Estate, Battersea Park","Ethelburga Estate, Battersea Park",1529,True
"Notting Hill Gate Station, Notting Hill","All Saints Church, Portobello",1526,False
"Tooley Street, Bermondsey","Tooley Street, Bermondsey",1521,True
"Greyhound Road, Hammersmith","Barons Court Station, West Kensington",1519,False
"Albert Gate, Hyde Park","Triangle Car Park, Hyde Park",1517,False
"Fulham Broadway, Walham Green","Stephendale Road, Sands End",1491,False
"Binfield Road, Stockwell","Courland Grove, Wandsworth Road",1484,False
"Vauxhall Cross, Vauxhall","Riverlight North, Nine Elms",1466,False
"Canada Water Station, Rotherhithe","Canada Water Station, Rotherhithe",1455,True
"Regent's Row , Haggerston","Dunston Road , Haggerston",1454,False
"Gascoyne Road, Victoria Park","Gascoyne Road, Victoria Park",1453,True
"Newgate Street , St. Paul's","Waterloo Station 3, Waterloo",1450,False
"Southwick Street, Paddington","Exhibition Road, Knightsbridge",1447,False
"Storey's Gate, Westminster","Wellington Arch, Hyde Park",1443,False
"Jubilee Gardens, South Bank","Jubilee Gardens, South Bank",1437,True
"Serpentine Car Park, Hyde Park","Park Lane , Hyde Park",1431,False
"Westminster Pier, Westminster","Tower Gardens , Tower",1415,False
"Waterloo Station 3, Waterloo","Wormwood Street, Liverpool Street",1409,False
"Serpentine Car Park, Hyde Park","Black Lion Gate, Kensington Gardens",1409,False
"Drayton Gardens, West Chelsea","Gloucester Road Station, South Kensington",1406,False
"Little Argyll Street, West End","Little Argyll Street, West End",1404,True
"Park Lane , Hyde Park","Serpentine Car Park, Hyde Park",1388,False
"Wellington Arch, Hyde Park","Hyde Park Corner, Hyde Park",1385,False
"Exhibition Road, Knightsbridge","Southwick Street, Paddington",1382,False
"Serpentine Car Park, Hyde Park","Triangle Car Park, Hyde Park",1367,False
"Prince of Wales Drive, Battersea Park","Prince of Wales Drive, Battersea Park",1341,True
"Triangle Car Park, Hyde Park","Park Lane , Hyde Park",1336,False
"Copper Box Arena, Queen Elizabeth Olympic Park","Aquatic Centre, Queen Elizabeth Olympic Park",1335,False
"Whitehall Place, Strand","Whitehall Place, Strand",1335,True
"Green Street, Mayfair","Green Street, Mayfair",1331,True
"Fulham Broadway, Walham Green","Sandilands Road, Walham Green",1320,False
"Westferry Circus, Canary Wharf","Westferry Circus, Canary Wharf",1300,True
"Barons Court Station, West Kensington","Humbolt Road, Fulham",1297,False
"Riverlight South, Nine Elms","Vauxhall Cross, Vauxhall",1287,False
"Aquatic Centre, Queen Elizabeth Olympic Park","Timber Lodge, Queen Elizabeth Olympic Park",1286,False
"Barons Court Station, West Kensington","Charing Cross Hospital, Hammersmith",1286,False
"Dunston Road , Haggerston","Regent's Row , Haggerston",1284,False
"Triangle Car Park, Hyde Park","Albert Gate, Hyde Park",1277,False
"Hyde Park Corner, Hyde Park","Bayswater Road, Hyde Park",1267,False
"Old Quebec Street, Marylebone","Old Quebec Street, Marylebone",1261,True
"Stratford Station, Stratford","Stratford Station, Stratford",1258,True
"Clapham Common Station, Clapham Common","Clapham Common Station, Clapham Common",1255,True
"Palace Gate, Kensington Gardens","Albert Gate, Hyde Park",1255,False
"Wellington Arch, Hyde Park","Black Lion Gate, Kensington Gardens",1254,False
"Serpentine Car Park, Hyde Park","Albert Gate, Hyde Park",1247,False
"Waterloo Station 3, Waterloo","Queen Street 1, Bank",1247,False
"Vauxhall Cross, Vauxhall","Riverlight South, Nine Elms",1247,False
"Knightsbridge, Hyde Park","Knightsbridge, Hyde Park",1241,True
"Wellington Arch, Hyde Park","Serpentine Car Park, Hyde Park",1240,False
"Triangle Car Park, Hyde Park","Black Lion Gate, Kensington Gardens",1238,False
"Bath Street, St. Luke's","Eagle Wharf Road, Hoxton",1233,False
"Timber Lodge, Queen Elizabeth Olympic Park","Aquatic Centre, Queen Elizabeth Olympic Park",1231,False
"Wormwood Street, Liverpool Street","Duke Street Hill, London Bridge",1226,False
"Simpson Street, Clapham Junction","Falcon Road, Clapham Junction",1212,False
"Charing Cross Hospital, Hammersmith","Barons Court Station, West Kensington",1202,False
"Waterloo Station 3, Waterloo","Newgate Street , St. Paul's",1201,False
"Bayswater Road, Hyde Park","Hyde Park Corner, Hyde Park",1198,False
"Lancaster Gate , Bayswater","Lancaster Gate , Bayswater",1196,True
"South Kensington Station, South Kensington","Exhibition Road, Knightsbridge",1194,False
"Sandilands Road, Walham Green","Fulham Broadway, Walham Green",1161,False
"Gloucester Road Station, South Kensington","Drayton Gardens, West Chelsea",1160,False
"Imperial Road, Sands End","Fulham Broadway, Walham Green",1157,False
"All Saints Church, Portobello","Notting Hill Gate Station, Notting Hill",1156,False
"Eagle Wharf Road, Hoxton","Bath Street, St. Luke's",1149,False
"Rainville Road, Hammersmith","Barons Court Station, West Kensington",1147,False
"Falcon Road, Clapham Junction","Westbridge Road, Battersea",1142,False
"Stephendale Road, Sands End","Fulham Broadway, Walham Green",1138,False
"Exhibition Road, Knightsbridge","Exhibition Road, Knightsbridge",1136,True
"Clapham Common Station, Clapham Common","Sugden Road, Clapham",1117,False
"Wellington Arch, Hyde Park","Storey's Gate, Westminster",1115,False
"Queen's Gate, Kensington Gardens","Albert Gate, Hyde Park",1114,False
"Jubilee Crescent, Cubitt Town","Upper Bank Street, Canary Wharf",1112,False
"Tower Gardens , Tower","Westminster Pier, Westminster",1111,False
"Copper Box Arena, Queen Elizabeth Olympic Park","East Village, Queen Elizabeth Olympic Park",1110,False
"Duke Street Hill, London Bridge","Duke Street Hill, London Bridge",1109,True
"Courland Grove, Wandsworth Road","Binfield Road, Stockwell",1108,False
"Hibbert Street, Battersea","Grant Road East, Clapham Junction",1107,False
"Aquatic Centre, Queen Elizabeth Olympic Park","Copper Box Arena, Queen Elizabeth Olympic Park",1107,False
"Albert Bridge Road, Battersea Park","Albert Bridge Road, Battersea Park",1099,True
"Black Lion Gate, Kensington Gardens","Serpentine Car Park, Hyde Park",1098,False
"Fisherman's Walk West, Canary Wharf","Fisherman's Walk West, Canary Wharf",1085,True
"Ravenscourt Park Station, Hammersmith","Ravenscourt Park Station, Hammersmith",1082,True
"Falcon Road, Clapham Junction","Simpson Street, Clapham Junction",1075,False
"Sandilands Road, Walham Green","Erin Close, Walham Green",1075,False
"Hewison Street, Old Ford","Bow Road Station, Bow",1073,False
"Old Street Station, St. Luke's","Eagle Wharf Road, Hoxton",1067,False
"Saunders Ness Road, Cubitt Town","Saunders Ness Road, Cubitt Town",1067,True
"Nesham Street, Wapping","Reardon Street, Wapping",1066,False
"Good's Way, King's Cross","York Way, Kings Cross",1066,False
"Exhibition Road, Knightsbridge","South Kensington Station, South Kensington",1061,False
"Queen Street 2, Bank","Waterloo Station 3, Waterloo",1060,False
"Duke Street Hill, London Bridge","Wormwood Street, Liverpool Street",1060,False
"Erin Close, Walham Green","Sandilands Road, Walham Green",1049,False
"Bethnal Green Road, Shoreditch","Brushfield Street, Liverpool Street",1046,False
"Somerset House, Strand","Tower Gardens , Tower",1045,False
"Cadogan Close, Victoria Park","Cadogan Close, Victoria Park",1043,True
"Westfield Ariel Way, White City","Westfield Ariel Way, White City",1041,True
"Parson's Green , Parson's Green","South Park, Sands End",1040,False
"South Park, Sands End","Parsons Green Station, Parsons Green",1035,False
"Waterloo Place, St. James's","Waterloo Place, St. James's",1035,True
"Wellington Arch, Hyde Park","Triangle Car Park, Hyde Park",1034,False
"London Fields, Hackney Central","London Fields, Hackney Central",1032,True
"Clarendon Road, Avondale","Lansdowne Road, Ladbroke Grove",1026,False
"Lindfield Street, Poplar","Import Dock, Canary Wharf",1024,False
"Manbre Road, Hammersmith","Barons Court Station, West Kensington",1022,False
"Kennington Cross, Kennington","Baylis Road, Waterloo",1020,False
"Westminster Pier, Westminster","Wellington Arch, Hyde Park",1016,False
"Waterloo Station 2, Waterloo","Wormwood Street, Liverpool Street",1014,False
"Queen Street 1, Bank","Waterloo Station 3, Waterloo",1014,False
"Copper Box Arena, Queen Elizabeth Olympic Park","Copper Box Arena, Queen Elizabeth Olympic Park",1013,True
"Bow Church Station, Bow","Maplin Street, Mile End",1013,False
"East India DLR, Blackwall","East India DLR, Blackwall",1005,True
"Warren Street Station, Euston","Albany Street, The Regent's Park",1004,False
"Queen's Gate, Kensington Gardens","Palace Gate, Kensington Gardens",998,False
"Soho Square , Soho","Soho Square , Soho",994,True
"Nesham Street, Wapping","Garnet Street, Shadwell",992,False
"Duke Street Hill, London Bridge","Brushfield Street, Liverpool Street",989,False
"Queensway, Kensington Gardens","Hyde Park Corner, Hyde Park",988,False
"Queensway, Kensington Gardens","Black Lion Gate, Kensington Gardens",979,False
"Tooley Street, Bermondsey","Canada Water Station, Rotherhithe",979,False
"Grant Road East, Clapham Junction","Hibbert Street, Battersea",977,False
"Vicarage Crescent, Battersea","Falcon Road, Clapham Junction",976,False
"Albert Gate, Hyde Park","Palace Gate, Kensington Gardens",975,False
"Kennington Lane Rail Bridge, Vauxhall","Kennington Cross, Kennington",970,False
"Crisp Road, Hammersmith","Crisp Road, Hammersmith",966,True
"Westbridge Road, Battersea","Falcon Road, Clapham Junction",965,False
"Wellington Arch, Hyde Park","Westminster Pier, Westminster",964,False
"Hyde Park Corner, Hyde Park","Green Street, Mayfair",964,False
"Bank of England Museum, Bank","Waterloo Station 3, Waterloo",963,False
"Hyde Park Corner, Hyde Park","Storey's Gate, Westminster",958,False
"Derry Street, Kensington","Warwick Road, Olympia",953,False
"Tooley Street, Bermondsey","Bermondsey Station, Bermondsey",953,False
"Saltoun Road, Brixton","Saltoun Road, Brixton",950,True
"Albert Gate, Hyde Park","Queen's Gate, Kensington Gardens",950,False
"Waterloo Station 3, Waterloo","Cheapside, Bank",948,False
"Castlehaven Road, Camden Town","Castlehaven Road, Camden Town",947,True
"East Village, Queen Elizabeth Olympic Park","Lee Valley VeloPark, Queen Elizabeth Olympic Park",940,False
"Curlew Street, Shad Thames","Duke Street Hill, London Bridge",940,False
"Wellington Arch, Hyde Park","Albert Gate, Hyde Park",939,False
"London Zoo,  The Regent's Park","London Zoo,  The Regent's Park",935,True
"Woodstock Grove, Shepherd's Bush","Kensington Olympia Station, Olympia",935,False
"Courland Grove, Wandsworth Road","Courland Grove, Wandsworth Road",932,True
"Park Lane , Hyde Park","Black Lion Gate, Kensington Gardens",927,False
"Cheapside, Bank","Waterloo Station 3, Waterloo",927,False
"Lindfield Street, Poplar","Westferry DLR, Limehouse",921,False
"Bayswater Road, Hyde Park","Exhibition Road, Knightsbridge",921,False
"Exhibition Road, Knightsbridge","Black Lion Gate, Kensington Gardens",921,False
"Waterloo Station 3, Waterloo","St. Bride Street, Holborn",921,False
"Curlew Street, Shad Thames","Bermondsey Station, Bermondsey",920,False
"Ford Road, Old Ford","Maplin Street, Mile End",917,False
"York Way, Kings Cross","Good's Way, King's Cross",916,False
"Panton Street, West End","Panton Street, West End",916,True
"Limerston Street, West Chelsea","South Kensington Station, South Kensington",915,False
"Whitehall Place, Strand","Tower Gardens , Tower",915,False
"Barons Court Station, West Kensington","Rainville Road, Hammersmith",914,False
"Import Dock, Canary Wharf","Lindfield Street, Poplar",913,False
"Tower Gardens , Tower","Whitehall Place, Strand",911,False
"Knightsbridge, Hyde Park","Hyde Park Corner, Hyde Park",908,False
"Queen's Gate, Kensington Gardens","Park Lane , Hyde Park",908,False
"Erin Close, Walham Green","Stephendale Road, Sands End",907,False
"Falcon Road, Clapham Junction","Orbel Street, Battersea",907,False
"Jubilee Plaza, Canary Wharf","Upper Bank Street, Canary Wharf",903,False
"Sopwith Way, Battersea Park","Sopwith Way, Battersea Park",901,True
"Falcon Road, Clapham Junction","Vicarage Crescent, Battersea",901,False
"Hop Exchange, The Borough","Hop Exchange, The Borough",900,True
"Devonshire Terrace, Bayswater","Devonshire Terrace, Bayswater",900,True
"Temple Gardens, Temple","Westminster Pier, Westminster",899,False
"Woodstock Grove, Shepherd's Bush","Richmond Way, Shepherd's Bush",895,False
"Gunmakers Lane, Old Ford","Gunmakers Lane, Old Ford",895,True
"Bayley Street , Bloomsbury","Belgrove Street , King's Cross",894,False
"Black Lion Gate, Kensington Gardens","Queen's Gate, Kensington Gardens",893,False
"South Kensington Station, South Kensington","Limerston Street, West Chelsea",893,False
"Serpentine Car Park, Hyde Park","Palace Gate, Kensington Gardens",892,False
"Bermondsey Station, Bermondsey","Curlew Street, Shad Thames",892,False
"Islington Green, Angel","Eagle Wharf Road, Hoxton",892,False
"Hyde Park Corner, Hyde Park","Westminster Pier, Westminster",891,False
"Grant Road East, Clapham Junction","Usk Road, Clapham Junction",890,False
"Wormwood Street, Liverpool Street","Whitehall Place, Strand",890,False
"Duke Street Hill, London Bridge","Curlew Street, Shad Thames",888,False
"Eagle Wharf Road, Hoxton","Old Street Station, St. Luke's",887,False
"London Fields, Hackney Central","Haggerston Road, Haggerston",887,False
"Gas Holders, Battersea Park","Ethelburga Estate, Battersea Park",886,False
"East Village, Queen Elizabeth Olympic Park","Copper Box Arena, Queen Elizabeth Olympic Park",880,False
"Flamborough Street, Limehouse","Aston Street, Stepney",879,False
"Imperial Wharf Station, Sands End","Imperial Wharf Station, Sands End",879,True
"Westferry DLR, Limehouse","Lindfield Street, Poplar",877,False
"Aston Street, Stepney","Flamborough Street, Limehouse",876,False
"Upper Bank Street, Canary Wharf","Jubilee Crescent, Cubitt Town",875,False
"Stratford Station, Stratford","Copper Box Arena, Queen Elizabeth Olympic Park",872,False
"Albert Gate, Hyde Park","Bayswater Road, Hyde Park",872,False
"Black Lion Gate, Kensington Gardens","Park Lane , Hyde Park",871,False
"Porchester Place, Paddington","Porchester Place, Paddington",867,True
"Craven Street, Strand","Craven Street, Strand",864,True
"Green Street, Mayfair","Hyde Park Corner, Hyde Park",863,False
"Notting Hill Gate Station, Notting Hill","Turquoise Island, Notting Hill",862,False
"Regent's Row , Haggerston","Islington Green, Angel",861,False
"Bridge Avenue, Hammersmith","Bridge Avenue, Hammersmith",860,True
"Austin Road, Battersea Park","Battersea Park Road, Nine Elms",854,False
"Binfield Road, Stockwell","Union Grove, Wandsworth Road",854,False
"Stephendale Road, Sands End","Erin Close, Walham Green",853,False
"Serpentine Car Park, Hyde Park","Bayswater Road, Hyde Park",853,False
"Import Dock, Canary Wharf","Import Dock, Canary Wharf",850,True
"Wellington Arch, Hyde Park","Queen's Gate, Kensington Gardens",844,False
"Putney Pier, Wandsworth","Putney Pier, Wandsworth",844,True
"Queen Mary's, Mile End","Royal London Hospital, Whitechapel",843,False
"Regent's Row , Haggerston","Regent's Row , Haggerston",843,True
"Tower Gardens , Tower","Somerset House, Strand",843,False
"Wright's Lane, Kensington","Warwick Road, Olympia",842,False
"Albert Gate, Hyde Park","Green Street, Mayfair",842,False
"Timber Lodge, Queen Elizabeth Olympic Park","Lee Valley VeloPark, Queen Elizabeth Olympic Park",840,False
"Kennington Lane Rail Bridge, Vauxhall","Lollard Street, Vauxhall",840,False
"Wellington Arch, Hyde Park","Green Park Station, Mayfair",839,False
"Regent's Row , Haggerston","Bethnal Green Road, Shoreditch",839,False
"Imperial College, Knightsbridge","Gloucester Road Station, South Kensington",839,False
"Usk Road, Clapham Junction","Grant Road East, Clapham Junction",838,False
"East Village, Queen Elizabeth Olympic Park","Timber Lodge, Queen Elizabeth Olympic Park",836,False
"Lee Valley VeloPark, Queen Elizabeth Olympic Park","East Village, Queen Elizabeth Olympic Park",835,False
"London Fields, Hackney Central","Palissy Street, Shoreditch",834,False
"Hyde Park Corner, Hyde Park","Wellington Arch, Hyde Park",834,False
"Prince Albert Road, The Regent's Park","Park Road (Baker Street), The Regent's Park",832,False
"Bishop's Bridge Road West, Bayswater","Devonshire Terrace, Bayswater",831,False
"Normandy Road, Stockwell","Binfield Road, Stockwell",830,False
"Gloucester Road Station, South Kensington","Limerston Street, West Chelsea",829,False
"Limerston Street, West Chelsea","Gloucester Road Station, South Kensington",829,False
"Aquatic Centre, Queen Elizabeth Olympic Park","East Village, Queen Elizabeth Olympic Park",827,False
"Orbel Street, Battersea","Falcon Road, Clapham Junction",827,False
"Kennington Cross, Kennington","Kennington Lane Rail Bridge, Vauxhall",826,False
"Garnet Street, Shadwell","Nesham Street, Wapping",826,False
"Sugden Road, Clapham","Clapham Common Station, Clapham Common",823,False
"Copper Box Arena, Queen Elizabeth Olympic Park","Stratford Station, Stratford",821,False
"Podium, Queen Elizabeth Olympic Park","Lee Valley VeloPark, Queen Elizabeth Olympic Park",816,False
"Clapham Common Station, Clapham Common","St. John's Road, Clapham Junction",816,False
"Battersea Power Station, Battersea Park","Ethelburga Estate, Battersea Park",816,False
"Haggerston Road, Haggerston","London Fields, Hackney Central",815,False
"Bow Road Station, Bow","Hewison Street, Old Ford",815,False
"Shoreditch High Street, Shoreditch","Brushfield Street, Liverpool Street",814,False
"Maida Vale, Maida Vale","Maida Vale, Maida Vale",813,True
"Waterloo Station 1, Waterloo","Wormwood Street, Liverpool Street",808,False
"Waterloo Station 1, Waterloo","Holborn Circus, Holborn",808,False
"Maplin Street, Mile End","Ford Road, Old Ford",806,False
"Exhibition Road, Knightsbridge","Bayswater Road, Hyde Park",806,False
"Gunmakers Lane, Old Ford","Maplin Street, Mile End",804,False
"Park Lane , Hyde Park","Queen's Gate, Kensington Gardens",803,False
"Everington Street, Fulham","Barons Court Station, West Kensington",799,False
"Black Lion Gate, Kensington Gardens","Exhibition Road, Knightsbridge",799,False
"South Quay East, Canary Wharf","South Quay East, Canary Wharf",799,True
"Pall Mall East, West End","Pall Mall East, West End",798,True
"Ethelburga Estate, Battersea Park","Battersea Power Station, Battersea Park",798,False
"Bonny Street, Camden Town","Pancras Road, King's Cross",796,False
"Imperial Road, Sands End","Erin Close, Walham Green",796,False
"Kensington Olympia Station, Olympia","Woodstock Grove, Shepherd's Bush",795,False
"Stainsby Road , Poplar","Westferry DLR, Limehouse",795,False
"Limerston Street, West Chelsea","Fulham Broadway, Walham Green",793,False
"Aintree Street, Fulham","Barons Court Station, West Kensington",792,False
"Shoreditch High Street, Shoreditch","Regent's Row , Haggerston",791,False
"Little Argyll Street, West End","Belgrove Street , King's Cross",788,False
"Waterloo Station 1, Waterloo","Queen Street 1, Bank",788,False
"Gloucester Road Station, South Kensington","Imperial College, Knightsbridge",787,False
"London Fields, Hackney Central","Bethnal Green Road, Shoreditch",787,False
"Timber Lodge, Queen Elizabeth Olympic Park","East Village, Queen Elizabeth Olympic Park",787,False
"Strata, Elephant & Castle","Strata, Elephant & Castle",787,True
"Warwick Road, Olympia","Hammersmith Road, Hammersmith",786,False
"Waterloo Station 1, Waterloo","Newgate Street , St. Paul's",786,False
"Regent's Row , Haggerston","York Hall, Bethnal Green",786,False
"Haggerston Road, Haggerston","Haggerston Road, Haggerston",785,True
"Belgrove Street , King's Cross","Soho Square , Soho",784,False
"Driffield Road, Old Ford","Driffield Road, Old Ford",784,True
"George Row, Bermondsey","Canada Water Station, Rotherhithe",784,False
"Green Park Station, Mayfair","Wellington Arch, Hyde Park",783,False
"St. Katharine's Way, Tower","Wapping Lane, Wapping",782,False
"Bethnal Green Road, Shoreditch","Regent's Row , Haggerston",782,False
"Neville Gill Close, Wandsworth","Neville Gill Close, Wandsworth",782,True
"Battersea Power Station, Battersea Park","Albert Bridge Road, Battersea Park",780,False
"Bermondsey Street, Bermondsey","Snowsfields, London Bridge",779,False
"Ethelburga Estate, Battersea Park","Queen's Circus, Battersea Park",779,False
"Bermondsey Street, Bermondsey","Empire Square, The Borough",779,False
"Brushfield Street, Liverpool Street","Duke Street Hill, London Bridge",778,False
"Queen's Gate, Kensington Gardens","Serpentine Car Park, Hyde Park",778,False
"Brushfield Street, Liverpool Street","Shoreditch High Street, Shoreditch",777,False
"Ethelburga Estate, Battersea Park","Gas Holders, Battersea Park",776,False
"Gloucester Road Station, South Kensington","Gloucester Road Station, South Kensington",773,True
"Sloane Avenue, Knightsbridge","Sloane Avenue, Knightsbridge",773,True
"Mile End Stadium, Mile End","Maplin Street, Mile End",773,False
"Saunders Ness Road, Cubitt Town","Jubilee Plaza, Canary Wharf",771,False
"Brushfield Street, Liverpool Street","Brushfield Street, Liverpool Street",770,True
"Palace Gate, Kensington Gardens","Park Lane , Hyde Park",769,False
"Lambeth Palace Road, Waterloo","Lambeth Palace Road, Waterloo",769,True
"Triangle Car Park, Hyde Park","Palace Gate, Kensington Gardens",768,False
"Warwick Road, Olympia","Derry Street, Kensington",766,False
"Wendon Street, Old Ford","Aquatic Centre, Queen Elizabeth Olympic Park",766,False
"Jubilee Plaza, Canary Wharf","Westferry Circus, Canary Wharf",764,False
"Belgrove Street , King's Cross","Guilford Street , Bloomsbury",763,False
"Belgrove Street , King's Cross","Red Lion Street, Holborn",763,False
"Storey's Gate, Westminster","Hyde Park Corner, Hyde Park",762,False
"Waterloo Station 3, Waterloo","Queen Victoria Street, St. Paul's",761,False
"Hewison Street, Old Ford","Maplin Street, Mile End",759,False
"Victoria Rise, Clapham Common","Clapham Common Station, Clapham Common",756,False
"Greyhound Road, Hammersmith","Greyhound Road, Hammersmith",755,True
"Clapham Common Station, Clapham Common","Victoria Rise, Clapham Common",753,False
"Islington Green, Angel","Islington Green, Angel",753,True
"Regent's Row , Haggerston","Shoreditch High Street, Shoreditch",752,False
"Cadogan Close, Victoria Park","Bonner Gate, Victoria Park",750,False
"Victoria Park Road, Hackney Central","Victoria Park Road, Hackney Central",749,True
"Tooley Street, Bermondsey","George Row, Bermondsey",748,False
"Erin Close, Walham Green","Imperial Road, Sands End",747,False
"Regent's Row , Haggerston","Haggerston Road, Haggerston",747,False
"London Zoo Car Park, The Regent's Park","London Zoo Car Park, The Regent's Park",747,True
"Queensway, Kensington Gardens","Palace Gate, Kensington Gardens",746,False
"Upper Bank Street, Canary Wharf","Jubilee Plaza, Canary Wharf",745,False
"Parsons Green Station, Parsons Green","South Park, Sands End",745,False
"Wellington Arch, Hyde Park","Bayswater Road, Hyde Park",744,False
"Turquoise Island, Notting Hill","Notting Hill Gate Station, Notting Hill",744,False
"Albert Gate, Hyde Park","Storey's Gate, Westminster",743,False
"Liverpool Road (N1 Centre), Angel","Eagle Wharf Road, Hoxton",742,False
"Riverlight North, Nine Elms","Battersea Power Station, Battersea Park",742,False
"Lee Valley VeloPark, Queen Elizabeth Olympic Park","Timber Lodge, Queen Elizabeth Olympic Park",742,False
"Triangle Car Park, Hyde Park","Bayswater Road, Hyde Park",742,False
"Wright's Lane, Kensington","Lexham Gardens, Kensington",740,False
"Harcourt Terrace, West Brompton","Harcourt Terrace, West Brompton",737,True
"Harrington Square 1, Camden Town","Hampstead Road, Euston",736,False
"Dunston Road , Haggerston","Dunston Road , Haggerston",736,True
"Fulham Broadway, Walham Green","Hortensia Road, West Brompton",736,False
"Bermondsey Station, Bermondsey","Tooley Street, Bermondsey",736,False
"Goldsmith's Row, Haggerston","London Fields, Hackney Central",735,False
"Waterloo Station 3, Waterloo","Bank of England Museum, Bank",733,False
"Monier Road, Hackney Wick","East Village, Queen Elizabeth Olympic Park",733,False
"Westferry Circus, Canary Wharf","Jubilee Plaza, Canary Wharf",733,False
"Gloucester Road Station, South Kensington","Bramham Gardens, Earl's Court",733,False
"Wren Street, Holborn","Taviton Street, Bloomsbury",733,False
"Austin Road, Battersea Park","Falcon Road, Clapham Junction",732,False
"Lansdowne Road, Ladbroke Grove","Clarendon Road, Avondale",731,False
"Wells Street, Fitzrovia","Belgrove Street , King's Cross",731,False
"Timber Lodge, Queen Elizabeth Olympic Park","Podium, Queen Elizabeth Olympic Park",731,False
"Bermondsey Station, Bermondsey","Bermondsey Station, Bermondsey",729,True
"Shoreditch High Street, Shoreditch","Dunston Road , Haggerston",727,False
"Shoreditch Park, Hoxton","Shoreditch Park, Hoxton",726,True
"Buckingham Gate, Westminster","Buckingham Gate, Westminster",726,True
"Rodney Road , Walworth","Rodney Road , Walworth",726,True
"Waterloo Station 3, Waterloo","Finsbury Circus, Liverpool Street",726,False
"Albert Bridge Road, Battersea Park","Battersea Power Station, Battersea Park",725,False
"Union Grove, Wandsworth Road","Binfield Road, Stockwell",724,False
"Bermondsey Street, Bermondsey","Bermondsey Street, Bermondsey",723,True
"Hammersmith Road, Hammersmith","Warwick Road, Olympia",721,False
"Binfield Road, Stockwell","Stewart's Road, Wandsworth Road",721,False
"Lollard Street, Vauxhall","Kennington Lane Rail Bridge, Vauxhall",720,False
"Park Road (Baker Street), The Regent's Park","Prince Albert Road, The Regent's Park",720,False
"Exhibition Road, Knightsbridge","Hyde Park Corner, Hyde Park",720,False
"Eagle Wharf Road, Hoxton","Islington Green, Angel",719,False
"Pancras Road, King's Cross","Bonny Street, Camden Town",719,False
"Bramham Gardens, Earl's Court","Bramham Gardens, Earl's Court",718,True
"Black Prince Road, Vauxhall","Kennington Lane Rail Bridge, Vauxhall",718,False
"Barons Court Station, West Kensington","Aintree Street, Fulham",717,False
"Regent's Row , Haggerston","Eagle Wharf Road, Hoxton",715,False
"Great Tower Street, Monument","Waterloo Station 3, Waterloo",714,False
"Binfield Road, Stockwell","Normandy Road, Stockwell",711,False
"Hyde Park Corner, Hyde Park","Exhibition Road, Knightsbridge",711,False
"Wormwood Street, Liverpool Street","Tooley Street, Bermondsey",711,False
"St. John's Road, Clapham Junction","Clapham Common Station, Clapham Common",711,False
"Bayswater Road, Hyde Park","Serpentine Car Park, Hyde Park",710,False
"Aston Street, Stepney","Aston Street, Stepney",708,True
"Lightermans Road, Millwall","Lightermans Road, Millwall",708,True
"Gas Holders, Battersea Park","Gas Holders, Battersea Park",707,True
"Bunhill Row, Moorgate","Waterloo Station 3, Waterloo",707,False
"Hatton Garden, Holborn","Waterloo Station 3, Waterloo",706,False
"British Museum, Bloomsbury","Belgrove Street , King's Cross",706,False
"Bethnal Green Road, Shoreditch","Bethnal Green Road, Shoreditch",705,True
"Crabtree Lane, Fulham","Barons Court Station, West Kensington",704,False
"Westfield Southern Terrace ,Shepherd's Bush","BBC White City, White City",704,False
"Eagle Wharf Road, Hoxton","Eagle Wharf Road, Hoxton",703,True
"Bridge Avenue, Hammersmith","Rainville Road, Hammersmith",703,False
"Somerset House, Strand","Westminster Pier, Westminster",703,False
"Belgrove Street , King's Cross","Belgrove Street , King's Cross",702,True
"Hyde Park Corner, Hyde Park","Queensway, Kensington Gardens",702,False
"Palace Gate, Kensington Gardens","Queen's Gate, Kensington Gardens",702,False
"Limerston Street, West Chelsea","World's End Place, West Chelsea",702,False
"Lee Valley VeloPark, Queen Elizabeth Olympic Park","Podium, Queen Elizabeth Olympic Park",700,False
"Hibbert Street, Battersea","Ram Street, Wandsworth",700,False
"Prince of Wales Drive, Battersea Park","Battersea Park Road, Nine Elms",699,False
"Brushfield Street, Liverpool Street","Bethnal Green Road, Shoreditch",699,False
"Belgrove Street , King's Cross","Wells Street, Fitzrovia",698,False
"George Row, Bermondsey","George Row, Bermondsey",697,True
"Nesham Street, Wapping","Hermitage Court, Wapping",697,False
"Waterloo Station 3, Waterloo","Queen Street 2, Bank",695,False
"Westminster Pier, Westminster","Queen Street 2, Bank",695,False
"Royal College Street, Camden Town","Taviton Street, Bloomsbury",694,False
"Devonshire Terrace, Bayswater","Bishop's Bridge Road West, Bayswater",694,False
"Eagle Wharf Road, Hoxton","Moorfields, Moorgate",693,False
"Palace Gate, Kensington Gardens","Serpentine Car Park, Hyde Park",693,False
"Duke Street Hill, London Bridge","Tooley Street, Bermondsey",693,False
"Tooley Street, Bermondsey","Hop Exchange, The Borough",691,False
"Richmond Way, Shepherd's Bush","Woodstock Grove, Shepherd's Bush",691,False
"Black Lion Gate, Kensington Gardens","Triangle Car Park, Hyde Park",690,False
"Hyde Park Corner, Hyde Park","Green Park Station, Mayfair",690,False
"Fulham Broadway, Walham Green","Imperial Wharf Station, Sands End",690,False
"Baylis Road, Waterloo","Kennington Cross, Kennington",689,False
"Green Park Station, Mayfair","Hyde Park Corner, Hyde Park",688,False
"St Mary's Hospital, Paddington","St Mary's Hospital, Paddington",688,True
"St. James's Square, St. James's","St. James's Square, St. James's",688,True
"Derry Street, Kensington","Old Brompton Road, South Kensington",688,False
"Bramham Gardens, Earl's Court","Imperial College, Knightsbridge",687,False
"Barons Court Station, West Kensington","Crabtree Lane, Fulham",687,False
"Battersea Park Road, Nine Elms","Austin Road, Battersea Park",687,False
"Battersea Park Road, Nine Elms","Vauxhall Cross, Vauxhall",687,False
"Osiers Road, Wandsworth","Grant Road East, Clapham Junction",686,False
"Black Lion Gate, Kensington Gardens","Queensway, Kensington Gardens",686,False
"Parson's Green , Parson's Green","Stephendale Road, Sands End",685,False
"Shoreditch High Street, Shoreditch","London Fields, Hackney Central",685,False
"Podium, Queen Elizabeth Olympic Park","Timber Lodge, Queen Elizabeth Olympic Park",685,False
"Aquatic Centre, Queen Elizabeth Olympic Park","Wendon Street, Old Ford",684,False
"Crisp Road, Hammersmith","Bishop's Avenue, Fulham",684,False
"Monier Road, Hackney Wick","Monier Road, Hackney Wick",684,True
"Westferry DLR, Limehouse","Stainsby Road , Poplar",683,False
"Fanshaw Street, Hoxton","Pitfield Street North,Hoxton",683,False
"Wellington Arch, Hyde Park","Craven Street, Strand",682,False
"Bramham Gardens, Earl's Court","Natural History Museum, South Kensington",681,False
"Northumberland Avenue, Strand","Northumberland Avenue, Strand",680,True
"Soho Square , Soho","Belgrove Street , King's Cross",680,False
"Battersea Power Station, Battersea Park","Vicarage Crescent, Battersea",680,False
"Barons Court Station, West Kensington","Everington Street, Fulham",679,False
"Albert Bridge Road, Battersea Park","Battersea Park Road, Nine Elms",679,False
"Museum of London, Barbican","Waterloo Station 3, Waterloo",678,False
"Barons Court Station, West Kensington","Manbre Road, Hammersmith",678,False
"Farringdon Street, Holborn","Waterloo Station 3, Waterloo",678,False
"Tooley Street, Bermondsey","Rotherhithe Roundabout, Rotherhithe",678,False
"Fulham Broadway, Walham Green","Limerston Street, West Chelsea",678,False
"Natural History Museum, South Kensington","Bramham Gardens, Earl's Court",677,False
"Palissy Street, Shoreditch","London Fields, Hackney Central",677,False
"Ferndale Road, Brixton","Gauden Road, Clapham",677,False
"Waterloo Station 1, Waterloo","Hop Exchange, The Borough",676,False
"New Road 1 , Whitechapel","Stepney Green Station, Stepney",676,False
"Osiers Road, Wandsworth","Wandsworth Town Station, Wandsworth",675,False
"East Village, Queen Elizabeth Olympic Park","Aquatic Centre, Queen Elizabeth Olympic Park",675,False
"East Village, Queen Elizabeth Olympic Park","Monier Road, Hackney Wick",675,False
"Abingdon Villas, Kensington","Wright's Lane, Kensington",675,False
"New Fetter Lane, Holborn","Waterloo Station 3, Waterloo",674,False
"Bayswater Road, Hyde Park","Albert Gate, Hyde Park",673,False
"Queen's Gate, Kensington Gardens","Triangle Car Park, Hyde Park",672,False
"Jubilee Plaza, Canary Wharf","Spindrift Avenue, Millwall",672,False
"Bishop's Avenue, Fulham","Bishop's Avenue, Fulham",671,True
"Great Dover Street, The Borough","Great Dover Street, The Borough",671,True
"Warren Street Station, Euston","Harrington Square 1, Camden Town",670,False
"Lindfield Street, Poplar","Lindfield Street, Poplar",670,True
"Imperial Wharf Station, Sands End","Fulham Broadway, Walham Green",667,False
"The Tennis Courts, The Regent's Park","London Zoo,  The Regent's Park",667,False
"Falcon Road, Clapham Junction","Austin Road, Battersea Park",667,False
"Bonner Gate, Victoria Park","Cadogan Close, Victoria Park",666,False
"Serpentine Car Park, Hyde Park","Queen's Gate, Kensington Gardens",665,False
"Liverpool Road (N1 Centre), Angel","Charlotte Terrace, Angel",665,False
"The Vale, Chelsea","Gloucester Road Station, South Kensington",664,False
"Broadcasting House, Marylebone","Belgrove Street , King's Cross",664,False
"Ethelburga Estate, Battersea Park","Battersea Park Road, Nine Elms",664,False
"Aldersgate Street, Barbican","Finsbury Leisure Centre, St. Luke's",664,False
"Webber Street , Southwark","Hop Exchange, The Borough",664,False
"Black Lion Gate, Kensington Gardens","Wellington Arch, Hyde Park",663,False
"Bow Church Station, Bow","Bow Road Station, Bow",662,False
"St. John's Wood Church, The Regent's Park","St. John's Wood Church, The Regent's Park",661,True
"Haggerston Road, Haggerston","Regent's Row , Haggerston",661,False
"Erin Close, Walham Green","Parson's Green , Parson's Green",660,False
"Black Lion Gate, Kensington Gardens","Imperial College, Knightsbridge",660,False
"Ackroyd Drive, Bow","Import Dock, Canary Wharf",660,False
"Tooley Street, Bermondsey","Bermondsey Street, Bermondsey",660,False
"Rotherhithe Roundabout, Rotherhithe","Rotherhithe Roundabout, Rotherhithe",659,True
"Curlew Street, Shad Thames","Curlew Street, Shad Thames",657,True
"Brushfield Street, Liverpool Street","Waterloo Station 3, Waterloo",656,False
"Palace Gardens Terrace, Notting Hill","Kensington Church Street, Kensington",655,False
"Regent's Row , Haggerston","Pitfield Street North,Hoxton",655,False
"Waterloo Station 1, Waterloo","St. Bride Street, Holborn",655,False
"Queen Victoria Street, St. Paul's","Waterloo Station 3, Waterloo",655,False
"Westminster Pier, Westminster","Temple Gardens, Temple",653,False
"Edgware Road Station, Marylebone","Edgware Road Station, Marylebone",653,True
"Ethelburga Estate, Battersea Park","Falcon Road, Clapham Junction",653,False
"Wormwood Street, Liverpool Street","Hop Exchange, The Borough",652,False
"Guilford Street , Bloomsbury","Belgrove Street , King's Cross",652,False
"Wellington Arch, Hyde Park","Park Lane , Hyde Park",651,False
"Westferry DLR, Limehouse","Import Dock, Canary Wharf",651,False
"Bishop's Avenue, Fulham","Crisp Road, Hammersmith",650,False
"Snowsfields, London Bridge","Bermondsey Street, Bermondsey",650,False
"Vicarage Crescent, Battersea","Battersea Power Station, Battersea Park",649,False
"Parsons Green Station, Parsons Green","Finlay Street, Fulham",649,False
"Bancroft Road, Bethnal Green","Stepney Green Station, Stepney",648,False
"St Mary's Hospital, Paddington","Exhibition Road, Knightsbridge",648,False
"Triangle Car Park, Hyde Park","Queen's Gate, Kensington Gardens",648,False
"Wright's Lane, Kensington","Wright's Lane, Kensington",648,True
"Wright's Lane, Kensington","Abingdon Villas, Kensington",648,False
"Islington Green, Angel","Regent's Row , Haggerston",646,False
"Caldwell Street, Stockwell","Clapham Common Station, Clapham Common",646,False
"Empire Square, The Borough","Bermondsey Street, Bermondsey",646,False
"Vauxhall Cross, Vauxhall","Vauxhall Cross, Vauxhall",646,True
"Albert Gate, Hyde Park","Wellington Arch, Hyde Park",644,False
"Gloucester Road Station, South Kensington","Harcourt Terrace, West Brompton",643,False
"Tooley Street, Bermondsey","Duke Street Hill, London Bridge",643,False
"Good's Way, King's Cross","Castlehaven Road, Camden Town",643,False
"Bridge Avenue, Hammersmith","Greyhound Road, Hammersmith",641,False
"Tower Gardens , Tower","Tooley Street, Bermondsey",641,False
"Good's Way, King's Cross","Good's Way, King's Cross",641,True
"Binfield Road, Stockwell","Hartington Road, Stockwell",641,False
"Marylebone Lane, Marylebone","Marylebone Lane, Marylebone",638,True
"Allington Street, Victoria","Allington Street, Victoria",638,True
"Albert Bridge Road, Battersea Park","Queen's Circus, Battersea Park",638,False
"Bevington Road West, North Kensington","Bevington Road West, North Kensington",637,True
"Belgrove Street , King's Cross","British Museum, Bloomsbury",637,False
"Wandsworth Town Station, Wandsworth","Osiers Road, Wandsworth",637,False
"Erin Close, Walham Green","Erin Close, Walham Green",636,True
"Maplin Street, Mile End","Bow Church Station, Bow",636,False
"Bricklayers Arms, Borough","Hop Exchange, The Borough",635,False
"Albany Street, The Regent's Park","Albany Street, The Regent's Park",635,True
"Maplin Street, Mile End","Gunmakers Lane, Old Ford",635,False
"Wormwood Street, Liverpool Street","Waterloo Station 1, Waterloo",634,False
"Alderney Street, Pimlico","Alderney Street, Pimlico",634,True
"Bow Road Station, Bow","Maplin Street, Mile End",633,False
"Upper Richmond Road, Putney","Osiers Road, Wandsworth",633,False
"Hop Exchange, The Borough","Waterloo Station 1, Waterloo",633,False
"Aquatic Centre, Queen Elizabeth Olympic Park","Bow Church Station, Bow",632,False
"Store Street, Bloomsbury","Belgrove Street , King's Cross",632,False
"Waterloo Station 1, Waterloo","Queen Victoria Street, St. Paul's",632,False
"Tate Modern, Bankside","Houghton Street, Strand",632,False
"Stepney Green Station, Stepney","Stepney Green Station, Stepney",631,True
"Belgrove Street , King's Cross","Whitehall Place, Strand",631,False
"Falcon Road, Clapham Junction","Battersea Church Road, Battersea",631,False
"Wormwood Street, Liverpool Street","New Kent Road, The Borough",630,False
"St. Katharine's Way, Tower","St. Katharine's Way, Tower",630,True
"Bermondsey Street, Bermondsey","Tooley Street, Bermondsey",627,False
"Falcon Road, Clapham Junction","Ethelburga Estate, Battersea Park",627,False
"Tower Wharf, Bermondsey","Canada Water Station, Rotherhithe",626,False
"South Park, Sands End","Parson's Green , Parson's Green",625,False
"Blackfriars Station, St. Paul's","Waterloo Station 1, Waterloo",625,False
"Phene Street, Chelsea","Phene Street, Chelsea",624,True
"Reardon Street, Wapping","Nesham Street, Wapping",623,False
"St. John's Wood Church, The Regent's Park","Park Road (Baker Street), The Regent's Park",622,False
"Finsbury Circus, Liverpool Street","Waterloo Station 3, Waterloo",622,False
"York Hall, Bethnal Green","Regent's Row , Haggerston",622,False
"Belgrove Street , King's Cross","Bayley Street , Bloomsbury",621,False
"Spindrift Avenue, Millwall","Jubilee Plaza, Canary Wharf",620,False
"Queen's Circus, Battersea Park","Albert Bridge Road, Battersea Park",619,False
"Tower Wharf, Bermondsey","Bermondsey Station, Bermondsey",619,False
"Maplin Street, Mile End","Hewison Street, Old Ford",618,False
"Wellington Arch, Hyde Park","Pall Mall East, West End",618,False
"London Fields, Hackney Central","Regent's Row , Haggerston",617,False
"Seville Street, Knightsbridge","Seville Street, Knightsbridge",616,True
"Jubilee Plaza, Canary Wharf","Saunders Ness Road, Cubitt Town",615,False
"Hermitage Court, Wapping","Nesham Street, Wapping",614,False
"Belgrove Street , King's Cross","Broadcasting House, Marylebone",614,False
"Albert Gate, Hyde Park","Green Park Station, Mayfair",613,False
"Waterloo Station 1, Waterloo","Waterloo Station 1, Waterloo",613,True
"New Kent Road, The Borough","Wormwood Street, Liverpool Street",612,False
"York Way, Kings Cross","Handyside Street, King's Cross",609,False
"Abbotsbury Road, Holland Park","Lansdowne Road, Ladbroke Grove",608,False
"London Fields, Hackney Central","Shoreditch High Street, Shoreditch",608,False
"Blackfriars Station, St. Paul's","Wormwood Street, Liverpool Street",608,False
"Doddington Grove, Kennington","Doddington Grove, Kennington",608,True
"Taviton Street, Bloomsbury","Wren Street, Holborn",607,False
"Wellington Arch, Hyde Park","Palace Gate, Kensington Gardens",607,False
"Prince Albert Road, The Regent's Park","Prince Albert Road, The Regent's Park",606,True
"Christopher Street, Liverpool Street","Waterloo Station 3, Waterloo",606,False
"Wenlock Road , Hoxton","Old Street Station, St. Luke's",606,False
"Waterloo Station 3, Waterloo","Blackfriars Station, St. Paul's",605,False
"Albany Street, The Regent's Park","Warren Street Station, Euston",604,False
"Hop Exchange, The Borough","Stamford Street, South Bank",603,False
"Battersea Park Road, Nine Elms","Ethelburga Estate, Battersea Park",603,False
"Waterloo Station 2, Waterloo","St. Bride Street, Holborn",603,False
"Stephendale Road, Sands End","Parson's Green , Parson's Green",602,False
"Battersea Power Station, Battersea Park","Westbridge Road, Battersea",602,False
"Lambeth Palace Road, Waterloo","Hop Exchange, The Borough",602,False
"The Guildhall, Guildhall","Waterloo Station 3, Waterloo",601,False
"Warwick Avenue Station, Maida Vale","Warwick Avenue Station, Maida Vale",601,True
"Clapham Common Station, Clapham Common","Saltoun Road, Brixton",599,False
"Park Lane , Hyde Park","Palace Gate, Kensington Gardens",598,False
"Houghton Street, Strand","Tate Modern, Bankside",598,False
"London Fields, Hackney Central","Islington Green, Angel",597,False
"Flood Street, Chelsea","Phene Street, Chelsea",597,False
"Finsbury Leisure Centre, St. Luke's","Aldersgate Street, Barbican",597,False
"Wapping Lane, Wapping","St. Katharine's Way, Tower",597,False
"Warwick Road, Olympia","Wright's Lane, Kensington",597,False
"Pitfield Street North,Hoxton","Regent's Row , Haggerston",596,False
"Red Lion Street, Holborn","Belgrove Street , King's Cross",596,False
"Albert Gate, Hyde Park","Old Quebec Street, Marylebone",596,False
"BBC White City, White City","Westfield Ariel Way, White City",595,False
"Cleveland Way, Stepney","Stepney Green Station, Stepney",595,False
"Green Street, Mayfair","Triangle Car Park, Hyde Park",595,False
"Wellington Arch, Hyde Park","Whitehall Place, Strand",594,False
"Temple Gardens, Temple","Tower Gardens , Tower",594,False
"Upper Bank Street, Canary Wharf","Preston's Road, Cubitt Town",594,False
"Hyde Park Corner, Hyde Park","Old Quebec Street, Marylebone",593,False
"Flamborough Street, Limehouse","Flamborough Street, Limehouse",593,True
"Canada Water Station, Rotherhithe","Tooley Street, Bermondsey",593,False
"Wellington Arch, Hyde Park","Exhibition Road, Knightsbridge",593,False
"Serpentine Car Park, Hyde Park","Green Street, Mayfair",593,False
"Frampton Street, Paddington","Maida Vale, Maida Vale",593,False
"Kingsway Southbound, Strand","Great Dover Street, The Borough",592,False
"Aquatic Centre, Queen Elizabeth Olympic Park","Stratford Station, Stratford",592,False
"Graham Street, Angel","Graham Street, Angel",590,True
"Brunswick Square, Bloomsbury","Wren Street, Holborn",590,False
"Rotherhithe Roundabout, Rotherhithe","Curlew Street, Shad Thames",589,False
"Columbia Road, Shoreditch","Brushfield Street, Liverpool Street",589,False
"Waterloo Station 2, Waterloo","Queen Street 1, Bank",589,False
"Pott Street, Bethnal Green","Granby Street, Shoreditch",589,False
"Duke Street Hill, London Bridge","Moorfields, Moorgate",589,False
"Waterloo Station 1, Waterloo","Queen Street 2, Bank",588,False
"Handyside Street, King's Cross","York Way, Kings Cross",588,False
"Parson's Green , Parson's Green","Erin Close, Walham Green",588,False
"Grove End Road, St. John's Wood","Dorset Square, Marylebone",588,False
"Tachbrook Street, Victoria","Vincent Street, Pimlico",588,False
"Waterloo Station 2, Waterloo","Newgate Street , St. Paul's",588,False
"Stratford Station, Stratford","Aquatic Centre, Queen Elizabeth Olympic Park",588,False
"Albert Bridge Road, Battersea Park","Falcon Road, Clapham Junction",588,False
"Old Street Station, St. Luke's","Wenlock Road , Hoxton",588,False
"Flamborough Street, Limehouse","Harford Street, Mile End",587,False
"Bayswater Road, Hyde Park","Triangle Car Park, Hyde Park",587,False
"Page Street, Westminster","Howick Place, Westminster",586,False
"Queen's Circus, Battersea Park","Battersea Power Station, Battersea Park",586,False
"Waterloo Station 3, Waterloo","Bunhill Row, Moorgate",585,False
"Here East North, Queen Elizabeth Olympic Park","East Village, Queen Elizabeth Olympic Park",584,False
"Green Street, Mayfair","Albert Gate, Hyde Park",584,False
"Greenland Road, Camden Town","Greenland Road, Camden Town",584,True
"Nutford Place, Marylebone","Nutford Place, Marylebone",584,True
"Westbridge Road, Battersea","Battersea Power Station, Battersea Park",583,False
"Regent's Row , Haggerston","Graham Street, Angel",582,False
"Gloucester Road (North), Kensington","Gloucester Road Station, South Kensington",582,False
"Palissy Street, Shoreditch","Regent's Row , Haggerston",582,False
"Cleveland Way, Stepney","Bow Road Station, Bow",581,False
"All Saints Church, Portobello","All Saints Church, Portobello",581,True
"Canada Water Station, Rotherhithe","George Row, Bermondsey",581,False
"Cleveland Way, Stepney","Bow Church Station, Bow",581,False
"Vauxhall Cross, Vauxhall","Battersea Park Road, Nine Elms",580,False
"Serpentine Car Park, Hyde Park","Wellington Arch, Hyde Park",580,False
"Tate Modern, Bankside","Tate Modern, Bankside",580,True
"St. Bride Street, Holborn","Waterloo Station 3, Waterloo",580,False
"Taviton Street, Bloomsbury","Sardinia Street, Holborn",580,False
"Bermondsey Street, Bermondsey","Hop Exchange, The Borough",578,False
"Bethnal Green Road, Shoreditch","London Fields, Hackney Central",577,False
"Clapham Common Station, Clapham Common","Ashley Crescent, Battersea",577,False
"Westferry Circus, Canary Wharf","Upper Bank Street, Canary Wharf",577,False
"Moorfields, Moorgate","Waterloo Station 3, Waterloo",577,False
"Lindfield Street, Poplar","Fisherman's Walk West, Canary Wharf",576,False
"Wardour Street, Soho","Wardour Street, Soho",576,True
"Waterloo Station 3, Waterloo","Holborn Circus, Holborn",575,False
"The Vale, Chelsea","Sedding Street, Sloane Square",575,False
"Waterloo Station 3, Waterloo","Moorfields, Moorgate",574,False
"Somerset House, Strand","Somerset House, Strand",574,True
"Preston's Road, Cubitt Town","Upper Bank Street, Canary Wharf",573,False
"Bayley Street , Bloomsbury","Warren Street Station, Euston",573,False
"Pitfield Street North,Hoxton","Pitfield Street North,Hoxton",572,True
"Sedding Street, Sloane Square","Sopwith Way, Battersea Park",572,False
"Saunders Ness Road, Cubitt Town","Westferry Circus, Canary Wharf",572,False
"Bricklayers Arms, Borough","Bricklayers Arms, Borough",572,True
"Battersea Park Road, Nine Elms","Battersea Park Road, Nine Elms",572,True
"Goldsmith's Row, Haggerston","Goldsmith's Row, Haggerston",571,True
"York Hall, Bethnal Green","Pritchard's Road, Bethnal Green",571,False
"Duke Street Hill, London Bridge","Tower Gardens , Tower",571,False
"Green Street, Mayfair","Serpentine Car Park, Hyde Park",571,False
"Cantrell Road, Bow","Maplin Street, Mile End",571,False
"World's End Place, West Chelsea","Limerston Street, West Chelsea",571,False
"Baylis Road, Waterloo","Hop Exchange, The Borough",571,False
"Sloane Avenue, Knightsbridge","Limerston Street, West Chelsea",569,False
"Gunmakers Lane, Old Ford","York Hall, Bethnal Green",568,False
"Bonner Gate, Victoria Park","York Hall, Bethnal Green",568,False
"Battersea Park Road, Nine Elms","Prince of Wales Drive, Battersea Park",567,False
"Gloucester Road Station, South Kensington","The Vale, Chelsea",567,False
"Whitehall Place, Strand","Wellington Arch, Hyde Park",567,False
"Ashley Place, Victoria","Page Street, Westminster",567,False
"Woodstock Grove, Shepherd's Bush","Blythe Road, Olympia",566,False
"Hermitage Court, Wapping","Wapping Lane, Wapping",566,False
"Shoreditch High Street, Shoreditch","Shoreditch High Street, Shoreditch",566,True
"Palace Gate, Kensington Gardens","Triangle Car Park, Hyde Park",564,False
"Stonecutter Street, Holborn","Waterloo Station 3, Waterloo",564,False
"Westminster Pier, Westminster","Monument Street, Monument",564,False
"Brushfield Street, Liverpool Street","Hop Exchange, The Borough",564,False
"Wren Street, Holborn","Belgrove Street , King's Cross",564,False
"Bermondsey Station, Bermondsey","Tower Wharf, Bermondsey",563,False
"Westferry DLR, Limehouse","Westferry DLR, Limehouse",563,True
"Gloucester Road Station, South Kensington","Derry Street, Kensington",562,False
"Regent's Row , Haggerston","Brushfield Street, Liverpool Street",562,False
"Tooley Street, Bermondsey","Wormwood Street, Liverpool Street",561,False
"Parsons Green Station, Parsons Green","Chesilton Road, Fulham",560,False
"Furze Green, Bow","Furze Green, Bow",559,True
"Southerton Road, Hammersmith","Southerton Road, Hammersmith",559,True
"Lexham Gardens, Kensington","Wright's Lane, Kensington",559,False
"Sea Containers, South Bank","Jubilee Gardens, South Bank",559,False
"Godliman Street, St. Paul's","Waterloo Station 3, Waterloo",559,False
"Braham Street, Aldgate","Braham Street, Aldgate",558,True
"Waterloo Station 3, Waterloo","Great Tower Street, Monument",558,False
"London Fields, Hackney Central","Goldsmith's Row, Haggerston",558,False
"Gas Holders, Battersea Park","Riverlight South, Nine Elms",557,False
"Ethelburga Estate, Battersea Park","Sedding Street, Sloane Square",557,False
"Kennington Lane Rail Bridge, Vauxhall","Black Prince Road, Vauxhall",557,False
"Sedding Street, Sloane Square","Battersea Power Station, Battersea Park",557,False
"Derry Street, Kensington","Gloucester Road Station, South Kensington",557,False
"West Kensington Station, West Kensington","Natural History Museum, South Kensington",557,False
"Mostyn Grove, Bow","Maplin Street, Mile End",555,False
"Tower Wharf, Bermondsey","Duke Street Hill, London Bridge",555,False
"Moor Street, Soho","Moor Street, Soho",555,True
"Walnut Tree Walk, Vauxhall","Baylis Road, Waterloo",555,False
"Eagle Wharf Road, Hoxton","Bunhill Row, Moorgate",555,False
"Limerston Street, West Chelsea","Limerston Street, West Chelsea",554,True
"Hyde Park Corner, Hyde Park","Pall Mall East, West End",554,False
"Stepney Green Station, Stepney","Bancroft Road, Bethnal Green",554,False
"Binfield Road, Stockwell","Albert Square, Stockwell",553,False
"Pall Mall East, West End","Wellington Arch, Hyde Park",553,False
"Allington Street, Victoria","St. James's Square, St. James's",553,False
"Stewart's Road, Wandsworth Road","Binfield Road, Stockwell",553,False
"Bonny Street, Camden Town","Taviton Street, Bloomsbury",552,False
"Waterloo Station 1, Waterloo","Sea Containers, South Bank",552,False
"Leman Street, Aldgate","Leman Street, Aldgate",552,True
"Exhibition Road, Knightsbridge","Queensway, Kensington Gardens",552,False
"Albert Gardens, Stepney","Albert Gardens, Stepney",552,True
"Cadogan Close, Victoria Park","Aquatic Centre, Queen Elizabeth Olympic Park",552,False
"World's End Place, West Chelsea","World's End Place, West Chelsea",552,True
"Dunston Road , Haggerston","Shoreditch High Street, Shoreditch",552,False
"Rotherhithe Roundabout, Rotherhithe","Tooley Street, Bermondsey",551,False
"Phene Street, Chelsea","Sedding Street, Sloane Square",551,False
"Jubilee Plaza, Canary Wharf","Jubilee Crescent, Cubitt Town",551,False
"Liverpool Road (N1 Centre), Angel","Macclesfield Rd, St Lukes",551,False
"Duke Street Hill, London Bridge","Canada Water Station, Rotherhithe",550,False
"Albert Gate, Hyde Park","Westminster Pier, Westminster",550,False
"Ferndale Road, Brixton","Clapham Common Station, Clapham Common",550,False
"Chesilton Road, Fulham","Parsons Green Station, Parsons Green",549,False
"Aquatic Centre, Queen Elizabeth Olympic Park","Bromley High Street, Bow",549,False
"Green Street, Mayfair","Park Lane , Hyde Park",549,False
"Aquatic Centre, Queen Elizabeth Olympic Park","Cadogan Close, Victoria Park",549,False
"Wormwood Street, Liverpool Street","Blackfriars Station, St. Paul's",549,False
"Harcourt Terrace, West Brompton","Gloucester Road Station, South Kensington",549,False
"Baylis Road, Waterloo","Walnut Tree Walk, Vauxhall",549,False
"Graham Street, Angel","Regent's Row , Haggerston",548,False
"Battersea Park Road, Nine Elms","Simpson Street, Clapham Junction",548,False
"Fisherman's Walk West, Canary Wharf","Lindfield Street, Poplar",548,False
"Whitehall Place, Strand","Belgrove Street , King's Cross",548,False
"Lee Valley VeloPark, Queen Elizabeth Olympic Park","Stratford Station, Stratford",547,False
"Islington Green, Angel","Wenlock Road , Hoxton",547,False
"Blackfriars Station, St. Paul's","Waterloo Station 3, Waterloo",547,False
"Ferndale Road, Brixton","Ferndale Road, Brixton",547,True
"Great Tower Street, Monument","Great Tower Street, Monument",547,True
"Waterloo Station 3, Waterloo","Hatton Garden, Holborn",547,False
"Southwick Street, Paddington","Southwick Street, Paddington",546,True
"Brushfield Street, Liverpool Street","Regent's Row , Haggerston",546,False
"Saltoun Road, Brixton","Clapham Common Station, Clapham Common",546,False
"Clapham Common Station, Clapham Common","Limburg Road, Clapham Junction",546,False
"Clapham Common Station, Clapham Common","Abyssinia Close, Clapham Junction",545,False
"Ashley Crescent, Battersea","Gas Holders, Battersea Park",545,False
"Gloucester Road Station, South Kensington","Old Brompton Road, South Kensington",544,False
"Bridge Avenue, Hammersmith","Charing Cross Hospital, Hammersmith",544,False
"Fulham Broadway, Walham Green","William Morris Way, Sands End",544,False
"Jubilee Street, Stepney","Royal London Hospital, Whitechapel",544,False
"World's End Place, West Chelsea","Sedding Street, Sloane Square",544,False
"Queen's Circus, Battersea Park","Ethelburga Estate, Battersea Park",543,False
"New Kent Road, The Borough","Hop Exchange, The Borough",542,False
"Regent's Row , Haggerston","Palissy Street, Shoreditch",542,False
"Northington Street , Holborn","Brunswick Square, Bloomsbury",542,False
"Gloucester Street, Pimlico","Gloucester Street, Pimlico",541,True
"Milroy Walk, South Bank","Hop Exchange, The Borough",541,False
"London Street, Paddington","London Street, Paddington",541,True
"Poured Lines, Bankside","Hop Exchange, The Borough",541,False
"Bethnal Green Road, Shoreditch","Wormwood Street, Liverpool Street",541,False
"Queen Street 2, Bank","Waterloo Station 1, Waterloo",541,False
"Bethnal Green Road, Shoreditch","Finnis Street, Bethnal Green",540,False
"Queen Mary's, Mile End","Ansell House, Stepney",540,False
"Eagle Wharf Road, Hoxton","Regent's Row , Haggerston",540,False
"Jubilee Plaza, Canary Wharf","East India DLR, Blackwall",540,False
"Import Dock, Canary Wharf","Ackroyd Drive, Bow",540,False
"Westferry Circus, Canary Wharf","Saunders Ness Road, Cubitt Town",540,False
"Austin Road, Battersea Park","Austin Road, Battersea Park",539,True
"Brunswick Square, Bloomsbury","Northington Street , Holborn",539,False
"Waterloo Station 3, Waterloo","Christopher Street, Liverpool Street",539,False
"Stepney Green Station, Stepney","Royal London Hospital, Whitechapel",539,False
"Temple Gardens, Temple","Wellington Arch, Hyde Park",539,False
"Prince of Wales Drive, Battersea Park","Battersea Power Station, Battersea Park",539,False
"Drury Lane, Covent Garden","Belgrove Street , King's Cross",538,False
"Old Brompton Road, South Kensington","Derry Street, Kensington",538,False
"Lollard Street, Vauxhall","Baylis Road, Waterloo",538,False
"Here East North, Queen Elizabeth Olympic Park","Here East North, Queen Elizabeth Olympic Park",538,True
"Normandy Road, Stockwell","Normandy Road, Stockwell",538,True
"Old Street Station, St. Luke's","Finsbury Leisure Centre, St. Luke's",537,False
"Upper Bank Street, Canary Wharf","Lancaster Drive, Blackwall",537,False
"Wormwood Street, Liverpool Street","Waterloo Station 2, Waterloo",537,False
"Battersea Power Station, Battersea Park","Riverlight North, Nine Elms",536,False
"Pritchard's Road, Bethnal Green","Pritchard's Road, Bethnal Green",536,True
"Grosvenor Square, Mayfair","Grosvenor Square, Mayfair",536,True
"Bethnal Green Road, Shoreditch","Pott Street, Bethnal Green",536,False
"Hammersmith Road, Hammersmith","Phillimore Gardens, Kensington",536,False
"Sidney Road, Stockwell","Binfield Road, Stockwell",536,False
"Mile End Park Leisure Centre, Mile End","Mile End Park Leisure Centre, Mile End",535,True
"Queen's Gate, Kensington Gardens","Wellington Arch, Hyde Park",535,False
"East India DLR, Blackwall","Jubilee Plaza, Canary Wharf",535,False
"Stepney Green Station, Stepney","New Road 1 , Whitechapel",535,False
"Belgrove Street , King's Cross","Little Argyll Street, West End",534,False
"Golden Square, Soho","Golden Square, Soho",534,True
"Vicarage Crescent, Battersea","Vicarage Crescent, Battersea",534,True
"Embankment (Savoy), Strand","Tower Gardens , Tower",533,False
"Waterloo Station 1, Waterloo","Bankside Mix, Bankside",533,False
"Battersea Park Road, Nine Elms","Albert Bridge Road, Battersea Park",532,False
"Crosswall, Tower","Crosswall, Tower",532,True
"Bankside Mix, Bankside","Hop Exchange, The Borough",532,False
"Palace Gate, Kensington Gardens","Wellington Arch, Hyde Park",532,False
"Tachbrook Street, Victoria","Rampayne Street, Pimlico",532,False
"Caldwell Street, Stockwell","Binfield Road, Stockwell",530,False
"Palace Gate, Kensington Gardens","Queensway, Kensington Gardens",529,False
"Fulham Broadway, Walham Green","Fulham Broadway, Walham Green",529,True
"Leman Street, Aldgate","Nesham Street, Wapping",529,False
"Greyhound Road, Hammersmith","Bridge Avenue, Hammersmith",528,False
"Queensway, Kensington Gardens","Albert Gate, Hyde Park",528,False
"Ilchester Gardens, Bayswater","Ilchester Gardens, Bayswater",527,True
"Dunston Road , Haggerston","Brushfield Street, Liverpool Street",527,False
"Chesilton Road, Fulham","Fulham Broadway, Walham Green",527,False
"Bramham Gardens, Earl's Court","Gloucester Road Station, South Kensington",527,False
"Holland Park, Kensington","Holland Park, Kensington",526,True
"Waterloo Station 3, Waterloo","Tallis Street, Temple",525,False
"Tooley Street, Bermondsey","Tower Gardens , Tower",524,False
"Regent's Row , Haggerston","London Fields, Hackney Central",524,False
"Regent's Row , Haggerston","Fanshaw Street, Hoxton",524,False
"Cleveland Way, Stepney","Queen Mary's, Mile End",524,False
"Kensington Church Street, Kensington","Kensington Church Street, Kensington",524,True
"Finsbury Leisure Centre, St. Luke's","Worship Street, Shoreditch",523,False
"Ram Street, Wandsworth","Usk Road, Clapham Junction",523,False
"Waterloo Station 3, Waterloo","Stonecutter Street, Holborn",523,False
"Berry Street, Clerkenwell","Waterloo Station 3, Waterloo",523,False
"Trebovir Road, Earl's Court","Wright's Lane, Kensington",523,False
"London Fields, Hackney Central","Brushfield Street, Liverpool Street",523,False
"Serpentine Car Park, Hyde Park","Queensway, Kensington Gardens",522,False
"Cadogan Close, Victoria Park","Regent's Row , Haggerston",522,False
"Tooley Street, Bermondsey","Braham Street, Aldgate",522,False
"Aquatic Centre, Queen Elizabeth Olympic Park","Bonner Gate, Victoria Park",522,False
"Eversholt Street , Camden Town","Doric Way , Somers Town",521,False
"Brushfield Street, Liverpool Street","Dunston Road , Haggerston",521,False
"Falcon Road, Clapham Junction","Surrey Lane, Battersea",520,False
"Import Dock, Canary Wharf","Westferry DLR, Limehouse",519,False
"Cleveland Way, Stepney","Royal London Hospital, Whitechapel",519,False
"Gauden Road, Clapham","Ferndale Road, Brixton",519,False
"Osiers Road, Wandsworth","Upper Richmond Road, Putney",519,False
"Canada Water Station, Rotherhithe","Tower Wharf, Bermondsey",519,False
"Bishop's Bridge Road West, Bayswater","Bishop's Bridge Road West, Bayswater",519,True
"Lancaster Drive, Blackwall","Upper Bank Street, Canary Wharf",519,False
"Waterloo Station 3, Waterloo","Brushfield Street, Liverpool Street",517,False
"Napier Avenue, Millwall","Jubilee Plaza, Canary Wharf",517,False
"Belgrove Street , King's Cross","Smith Square, Westminster",517,False
"Malet Street, Bloomsbury","Belgrove Street , King's Cross",517,False
"Triangle Car Park, Hyde Park","Wellington Arch, Hyde Park",516,False
"Walworth Square, Walworth","Walworth Square, Walworth",516,True
"Baylis Road, Waterloo","Kennington Road  , Vauxhall",516,False
"Albert Bridge Road, Battersea Park","Sedding Street, Sloane Square",515,False
"Timber Lodge, Queen Elizabeth Olympic Park","Copper Box Arena, Queen Elizabeth Olympic Park",515,False
"Ram Street, Wandsworth","Hibbert Street, Battersea",515,False
"Hortensia Road, West Brompton","Fulham Broadway, Walham Green",515,False
"Bath Street, St. Luke's","Wenlock Road , Hoxton",515,False
"Old Ford Road, Bethnal Green","York Hall, Bethnal Green",515,False
"Mostyn Grove, Bow","Bow Road Station, Bow",514,False
"Dock Street, Wapping","Wormwood Street, Liverpool Street",514,False
"Albert Square, Stockwell","Albert Square, Stockwell",514,True
"Leman Street, Aldgate","Tooley Street, Bermondsey",513,False
"Langdon Park, Poplar","Langdon Park, Poplar",513,True
"Bell Lane, Liverpool Street","Bell Lane, Liverpool Street",512,True
"Battersea Power Station, Battersea Park","Sedding Street, Sloane Square",512,False
"Battersea Church Road, Battersea","Falcon Road, Clapham Junction",512,False
"Waterloo Station 3, Waterloo","New Fetter Lane, Holborn",511,False
"Harford Street, Mile End","Flamborough Street, Limehouse",511,False
"South Lambeth Road, Vauxhall","South Lambeth Road, Vauxhall",510,True
"Driffield Road, Old Ford","Clinton Road, Mile End",510,False
"Waterloo Station 3, Waterloo","Museum of London, Barbican",510,False
"Queen's Gate, Kensington Gardens","Bayswater Road, Hyde Park",510,False
"Lancaster Gate , Bayswater","Hyde Park Corner, Hyde Park",509,False
"Dunston Road , Haggerston","London Fields, Hackney Central",509,False
"Hop Exchange, The Borough","Lambeth Palace Road, Waterloo",509,False
"Phillimore Gardens, Kensington","Phillimore Gardens, Kensington",509,True
"Clinton Road, Mile End","Driffield Road, Old Ford",508,False
"Stebondale Street, Cubitt Town","Stebondale Street, Cubitt Town",508,True
"Canton Street, Poplar","Import Dock, Canary Wharf",508,False
"Monument Street, Monument","Whitehall Place, Strand",508,False
"Warwick Row, Westminster","Warwick Row, Westminster",508,True
"Hewison Street, Old Ford","Aquatic Centre, Queen Elizabeth Olympic Park",507,False
"Notting Hill Gate Station, Notting Hill","Notting Hill Gate Station, Notting Hill",507,True
"Sopwith Way, Battersea Park","Sedding Street, Sloane Square",506,False
"Lambeth Palace Road, Waterloo","Wellington Arch, Hyde Park",506,False
"Belgrove Street , King's Cross","Wren Street, Holborn",506,False
"Charing Cross Hospital, Hammersmith","Imperial College, Knightsbridge",506,False
"Pott Street, Bethnal Green","Bethnal Green Road, Shoreditch",506,False
"Riverlight North, Nine Elms","Riverlight North, Nine Elms",506,True
"Hop Exchange, The Borough","Webber Street , Southwark",506,False
"Hop Exchange, The Borough","Lavington Street, Bankside",506,False
"Rodney Road , Walworth","Strata, Elephant & Castle",506,False
"Monument Street, Monument","Westminster Pier, Westminster",505,False
"St. George's Square, Pimlico","St. George's Square, Pimlico",505,True
"Westminster Pier, Westminster","Whitehall Place, Strand",504,False
"Aquatic Centre, Queen Elizabeth Olympic Park","Hewison Street, Old Ford",504,False
"Maplin Street, Mile End","Mile End Stadium, Mile End",504,False
"Stephendale Road, Sands End","Imperial Wharf Station, Sands End",504,False
"Prince of Wales Drive, Battersea Park","Queen's Circus, Battersea Park",504,False
"Bonner Gate, Victoria Park","Gascoyne Road, Victoria Park",503,False
"Tower Gardens , Tower","Hop Exchange, The Borough",503,False
"Bayswater Road, Hyde Park","Black Lion Gate, Kensington Gardens",503,False
"Copper Box Arena, Queen Elizabeth Olympic Park","Timber Lodge, Queen Elizabeth Olympic Park",503,False
"Nesham Street, Wapping","Leman Street, Aldgate",503,False
"Waterloo Place, St. James's","Wellington Arch, Hyde Park",503,False
"Bishop's Bridge Road West, Bayswater","Lancaster Gate , Bayswater",503,False
"Riverlight South, Nine Elms","Ethelburga Estate, Battersea Park",503,False
"Waterloo Station 3, Waterloo","Godliman Street, St. Paul's",503,False
"Lots Road, West Chelsea","Imperial Wharf Station, Sands End",502,False
"Clapham Common Station, Clapham Common","Queen's Circus, Battersea Park",502,False
"Copper Box Arena, Queen Elizabeth Olympic Park","Lee Valley VeloPark, Queen Elizabeth Olympic Park",502,False
"Hop Exchange, The Borough","Bricklayers Arms, Borough",502,False
"Clinton Road, Mile End","Ansell House, Stepney",502,False
"St. Martin's Street, West End","St. Martin's Street, West End",502,True
"Monument Street, Monument","Monument Street, Monument",501,True
"Wormwood Street, Liverpool Street","Wormwood Street, Liverpool Street",501,True
"Flood Street, Chelsea","Albert Bridge Road, Battersea Park",500,False
"Bayswater Road, Hyde Park","Green Street, Mayfair",500,False
"Brushfield Street, Liverpool Street","Granby Street, Shoreditch",500,False
"Maplin Street, Mile End","Maplin Street, Mile End",499,True
"Waterloo Station 3, Waterloo","Farringdon Street, Holborn",499,False
"Erin Close, Walham Green","Imperial Wharf Station, Sands End",499,False
"Gunmakers Lane, Old Ford","Aquatic Centre, Queen Elizabeth Olympic Park",499,False
"Waterloo Station 1, Waterloo","Brushfield Street, Liverpool Street",499,False
"Taviton Street, Bloomsbury","Royal College Street, Camden Town",498,False
"Battersea Power Station, Battersea Park","Elizabeth Bridge, Victoria",498,False
"South Kensington Station, South Kensington","South Kensington Station, South Kensington",498,True
"Hop Exchange, The Borough","Baylis Road, Waterloo",497,False
"Sedding Street, Sloane Square","Flood Street, Chelsea",497,False
"Pitfield Street North,Hoxton","Fanshaw Street, Hoxton",497,False
"Warren Street Station, Euston","Warren Street Station, Euston",496,True
"Imperial Wharf Station, Sands End","William Morris Way, Sands End",496,False
"Twig Folly Bridge, Mile End","Twig Folly Bridge, Mile End",496,True
"Coomer Place, West Kensington","Collingham Gardens, Earl's Court",496,False
"George Row, Bermondsey","Rotherhithe Roundabout, Rotherhithe",496,False
"Golden Square, Soho","Belgrove Street , King's Cross",496,False
"Hyde Park Corner, Hyde Park","Craven Street, Strand",495,False
"Cotton Garden Estate, Kennington","Cotton Garden Estate, Kennington",495,True
"Fulham Broadway, Walham Green","Upcerne Road, West Chelsea",495,False
"Caldwell Street, Stockwell","Kennington Lane Rail Bridge, Vauxhall",494,False
"BBC White City, White City","Westfield Southern Terrace ,Shepherd's Bush",494,False
"Granby Street, Shoreditch","Brushfield Street, Liverpool Street",493,False
"Somerset House, Strand","Wellington Arch, Hyde Park",493,False
"Wapping High Street, Wapping","Wapping High Street, Wapping",493,True
"Kennington Lane Rail Bridge, Vauxhall","Sidney Road, Stockwell",493,False
"Lansdowne Road, Ladbroke Grove","Abbotsbury Road, Holland Park",493,False
"Waterloo Station 3, Waterloo","Wood Street, Guildhall",493,False
"Wormwood Street, Liverpool Street","Sea Containers, South Bank",493,False
"Tower Wharf, Bermondsey","Rotherhithe Roundabout, Rotherhithe",492,False
"Bow Road Station, Bow","Mostyn Grove, Bow",492,False
"Royal Avenue 2, Chelsea","Royal Avenue 2, Chelsea",492,True
"Finsbury Leisure Centre, St. Luke's","Finsbury Leisure Centre, St. Luke's",492,True
"Belgrove Street , King's Cross","St. James's Square, St. James's",492,False
"LMU Commercial Road, Whitechapel","LMU Commercial Road, Whitechapel",492,True
"Holborn Circus, Holborn","Waterloo Station 3, Waterloo",492,False
"Royal London Hospital, Whitechapel","Stepney Green Station, Stepney",492,False
"Triangle Car Park, Hyde Park","Green Street, Mayfair",491,False
"Knaresborough Place, Earl's Court","Knaresborough Place, Earl's Court",491,True
"William Morris Way, Sands End","William Morris Way, Sands End",491,True
"Pembridge Villas, Notting Hill","All Saints Church, Portobello",491,False
"Bayswater Road, Hyde Park","Queensway, Kensington Gardens",491,False
"Flood Street, Chelsea","Ethelburga Estate, Battersea Park",491,False
"Baylis Road, Waterloo","Lollard Street, Vauxhall",491,False
"Macclesfield Rd, St Lukes","Finsbury Circus, Liverpool Street",490,False
"Waterloo Station 3, Waterloo","West Smithfield Rotunda, Farringdon",490,False
"Harcourt Terrace, West Brompton","Natural History Museum, South Kensington",490,False
"Castlehaven Road, Camden Town","Pancras Road, King's Cross",490,False
"George Row, Bermondsey","Bermondsey Station, Bermondsey",490,False
"Whitehall Place, Strand","Wormwood Street, Liverpool Street",489,False
"Falcon Road, Clapham Junction","Culvert Road, Battersea",489,False
"Finlay Street, Fulham","Barons Court Station, West Kensington",489,False
"Victoria Rise, Clapham Common","Victoria Rise, Clapham Common",489,True
"Clifton Road, Maida Vale","Clifton Road, Maida Vale",489,True
"Flood Street, Chelsea","Sedding Street, Sloane Square",488,False
"Waterloo Station 2, Waterloo","Queen Victoria Street, St. Paul's",488,False
"Kennington Lane Rail Bridge, Vauxhall","Caldwell Street, Stockwell",488,False
"Beryl Road, Hammersmith","Finlay Street, Fulham",487,False
"Belvedere Road 1, South Bank","Belvedere Road 1, South Bank",487,True
"Bow Church Station, Bow","Aquatic Centre, Queen Elizabeth Olympic Park",487,False
"Podium, Queen Elizabeth Olympic Park","East Village, Queen Elizabeth Olympic Park",487,False
"Queen's Gate (South), South Kensington","Queen's Gate (South), South Kensington",487,True
"Westminster Pier, Westminster","Somerset House, Strand",487,False
"Albert Embankment, Vauxhall","Albert Embankment, Vauxhall",487,True
"Waterloo Station 1, Waterloo","Moorfields, Moorgate",487,False
"Salmon Lane, Limehouse","Salmon Lane, Limehouse",487,True
"Goldsmith's Row, Haggerston","Regent's Row , Haggerston",487,False
"Here East North, Queen Elizabeth Olympic Park","Aquatic Centre, Queen Elizabeth Olympic Park",486,False
"Duke Street Hill, London Bridge","Shoreditch High Street, Shoreditch",486,False
"Brunswick Square, Bloomsbury","Belgrove Street , King's Cross",486,False
"Northumberland Avenue, Strand","Tower Gardens , Tower",485,False
"London Fields, Hackney Central","Dunston Road , Haggerston",485,False
"Belgrove Street , King's Cross","Brunswick Square, Bloomsbury",485,False
"Queen Mary's, Mile End","Cleveland Way, Stepney",485,False
"Queen's Gate (North), Kensington","Hyde Park Corner, Hyde Park",485,False
"York Hall, Bethnal Green","London Fields, Hackney Central",485,False
"Duke Street Hill, London Bridge","Tower Wharf, Bermondsey",485,False
"Derry Street, Kensington","Bramham Gardens, Earl's Court",485,False
"Bow Church Station, Bow","Bow Church Station, Bow",484,True
"Culvert Road, Battersea","Falcon Road, Clapham Junction",484,False
"Bunhill Row, Moorgate","Eagle Wharf Road, Hoxton",484,False
"Waterloo Station 3, Waterloo","Monument Street, Monument",483,False
"Wormwood Street, Liverpool Street","Bermondsey Street, Bermondsey",483,False
"Ansell House, Stepney","Clinton Road, Mile End",483,False
"Broomhouse Lane, Parsons Green","Parsons Green Station, Parsons Green",483,False
"George Row, Bermondsey","Tooley Street, Bermondsey",483,False
"Pritchard's Road, Bethnal Green","London Fields, Hackney Central",482,False
"Old Montague Street, Whitechapel","Cleveland Way, Stepney",482,False
"Gloucester Avenue, Camden Town","Gloucester Avenue, Camden Town",482,True
"High Holborn , Covent Garden","Belgrove Street , King's Cross",481,False
"Queen Street 2, Bank","Westminster Pier, Westminster",481,False
"Clifton Road, Maida Vale","Warwick Avenue Station, Maida Vale",481,False
"Podium, Queen Elizabeth Olympic Park","Stratford Station, Stratford",481,False
"Battersea Park Road, Nine Elms","Alfreda Street, Battersea Park",481,False
"Sun Street, Liverpool Street","Waterloo Station 3, Waterloo",480,False
"Taviton Street, Bloomsbury","Bonny Street, Camden Town",480,False
"Stamford Street, South Bank","Hop Exchange, The Borough",480,False
"Norton Folgate, Liverpool Street","Waterloo Station 3, Waterloo",480,False
"Royal London Hospital, Whitechapel","LMU Commercial Road, Whitechapel",480,False
"Whitehall Place, Strand","Westminster Pier, Westminster",479,False
"Cadogan Close, Victoria Park","Victoria Park Road, Hackney Central",479,False
"Bonner Gate, Victoria Park","Aquatic Centre, Queen Elizabeth Olympic Park",479,False
"Royal London Hospital, Whitechapel","Queen Mary's, Mile End",479,False
"East India DLR, Blackwall","Upper Bank Street, Canary Wharf",479,False
"Battersea Power Station, Battersea Park","Vauxhall Cross, Vauxhall",479,False
"New Road 1 , Whitechapel","Queen Mary's, Mile End",478,False
"The Vale, Chelsea","Fulham Broadway, Walham Green",478,False
"Westfield Ariel Way, White City","BBC White City, White City",478,False
"Import Dock, Canary Wharf","Canton Street, Poplar",478,False
"Alfreda Street, Battersea Park","Alfreda Street, Battersea Park",478,True
"Gas Holders, Battersea Park","Ashley Crescent, Battersea",478,False
"Islington Green, Angel","London Fields, Hackney Central",477,False
"Bridge Avenue, Hammersmith","Finlay Street, Fulham",477,False
"Jubilee Crescent, Cubitt Town","Jubilee Plaza, Canary Wharf",477,False
"Queen Street 2, Bank","Whitehall Place, Strand",476,False
"Old Brompton Road, South Kensington","Old Brompton Road, South Kensington",476,True
"Normand Park, West Kensington","Normand Park, West Kensington",476,True
"Fanshaw Street, Hoxton","Fanshaw Street, Hoxton",476,True
"East Village, Queen Elizabeth Olympic Park","Here East North, Queen Elizabeth Olympic Park",476,False
"Waterloo Station 3, Waterloo","The Guildhall, Guildhall",476,False
"Black Lion Gate, Kensington Gardens","Queen's Gate (North), Kensington",476,False
"Park Road (Baker Street), The Regent's Park","London Zoo,  The Regent's Park",475,False
"Gas Holders, Battersea Park","Riverlight North, Nine Elms",475,False
"Howick Place, Westminster","Page Street, Westminster",475,False
"Whitehall Place, Strand","Monument Street, Monument",475,False
"Pritchard's Road, Bethnal Green","York Hall, Bethnal Green",475,False
"Kennington Lane Rail Bridge, Vauxhall","Lambeth Road, Vauxhall",475,False
"Russell Square Station, Bloomsbury","Wren Street, Holborn",474,False
"Clinton Road, Mile End","Clinton Road, Mile End",474,True
"De Vere Gardens, Kensington","Hyde Park Corner, Hyde Park",474,False
"Westminster Pier, Westminster","Wormwood Street, Liverpool Street",474,False
"Kennington Cross, Kennington","Kennington Cross, Kennington",474,True
"East Village, Queen Elizabeth Olympic Park","Here East South, Queen Elizabeth Olympic Park",474,False
"Tanner Street, Bermondsey","Tanner Street, Bermondsey",474,True
"Vincent Street, Pimlico","Vincent Street, Pimlico",474,True
"Waterloo Station 1, Waterloo","Blackfriars Station, St. Paul's",473,False
"Finlay Street, Fulham","Chesilton Road, Fulham",473,False
"Nesham Street, Wapping","Tower Gardens , Tower",473,False
"Dunston Road , Haggerston","Islington Green, Angel",472,False
"Vauxhall Cross, Vauxhall","Battersea Power Station, Battersea Park",472,False
"Maplin Street, Mile End","Burdett Road, Mile End",471,False
"Simpson Street, Clapham Junction","Simpson Street, Clapham Junction",471,True
"Braham Street, Aldgate","Tooley Street, Bermondsey",471,False
"Storey's Gate, Westminster","Green Park Station, Mayfair",471,False
"Tallis Street, Temple","Waterloo Station 3, Waterloo",471,False
"Park Lane , Hyde Park","Bayswater Road, Hyde Park",471,False
"Hartington Road, Stockwell","Binfield Road, Stockwell",471,False
"Devons Road, Bow","Devons Road, Bow",470,True
"Queen Mother Sports Centre, Victoria","Page Street, Westminster",470,False
"Wood Street, Guildhall","Waterloo Station 3, Waterloo",469,False
"Taviton Street, Bloomsbury","Eversholt Street , Camden Town",469,False
"Blythe Road, Olympia","Woodstock Grove, Shepherd's Bush",469,False
"Westminster Pier, Westminster","Hyde Park Corner, Hyde Park",469,False
"George Row, Bermondsey","Empire Square, The Borough",469,False
"Notting Hill Gate Station, Notting Hill","Bevington Road West, North Kensington",468,False
"Handyside Street, King's Cross","Handyside Street, King's Cross",468,True
"Park Road (Baker Street), The Regent's Park","St. John's Wood Church, The Regent's Park",468,False
"Hop Exchange, The Borough","Strata, Elephant & Castle",468,False
"Bricklayers Arms, Borough","Empire Square, The Borough",468,False
"Belgrove Street , King's Cross","Holborn Circus, Holborn",468,False
"East Ferry Road, Cubitt Town","Spindrift Avenue, Millwall",467,False
"Queensbridge Road, Haggerston","Pritchard's Road, Bethnal Green",467,False
"Tower Gardens , Tower","Storey's Gate, Westminster",467,False
"Storey's Gate, Westminster","Albert Gate, Hyde Park",467,False
"St. Mary Axe, Aldgate","Waterloo Station 3, Waterloo",467,False
"Cadogan Place, Knightsbridge","Cadogan Place, Knightsbridge",467,True
"London Zoo,  The Regent's Park","The Tennis Courts, The Regent's Park",467,False
"Frampton Street, Paddington","Edgware Road Station, Marylebone",467,False
"Napier Avenue, Millwall","Saunders Ness Road, Cubitt Town",467,False
"London Zoo,  The Regent's Park","Park Road (Baker Street), The Regent's Park",467,False
"Penywern Road, Earl's Court","Penywern Road, Earl's Court",466,True
"Jubilee Gardens, South Bank","Sea Containers, South Bank",466,False
"New Road 1 , Whitechapel","Cleveland Way, Stepney",466,False
"Woodstock Grove, Shepherd's Bush","Woodstock Grove, Shepherd's Bush",466,True
"Tower Gardens , Tower","Duke Street Hill, London Bridge",466,False
"Wapping High Street, Wapping","Wapping Lane, Wapping",466,False
"Wenlock Road , Hoxton","Wenlock Road , Hoxton",466,True
"Westminster Pier, Westminster","Craven Street, Strand",465,False
"Vincent Street, Pimlico","Ashley Place, Victoria",465,False
"Empire Square, The Borough","Strata, Elephant & Castle",465,False
"Granby Street, Shoreditch","Pott Street, Bethnal Green",465,False
"Moorfields, Moorgate","Duke Street Hill, London Bridge",465,False
"Canada Water Station, Rotherhithe","Duke Street Hill, London Bridge",465,False
"Baylis Road, Waterloo","Baylis Road, Waterloo",465,True
"Stepney Green Station, Stepney","Rectory Square, Stepney",464,False
"Royal London Hospital, Whitechapel","Royal London Hospital, Whitechapel",464,True
"Ferndale Road, Brixton","Albert Square, Stockwell",464,False
"Holy Trinity Brompton, Knightsbridge","Holy Trinity Brompton, Knightsbridge",463,True
"Fulham Broadway, Walham Green","Eel Brook Common, Walham Green",463,False
"Imperial College, Knightsbridge","Imperial College, Knightsbridge",463,True
"Gauden Road, Clapham","Albert Square, Stockwell",462,False
"Black Prince Road, Vauxhall","Vauxhall Cross, Vauxhall",462,False
"Castlehaven Road, Camden Town","Good's Way, King's Cross",462,False
"Belgrove Street , King's Cross","Store Street, Bloomsbury",462,False
"Lambeth Road, Vauxhall","Kennington Lane Rail Bridge, Vauxhall",462,False
"South Park, Sands End","South Park, Sands End",462,True
"Usk Road, Clapham Junction","Ram Street, Wandsworth",462,False
"Shoreditch High Street, Shoreditch","Bethnal Green Road, Shoreditch",462,False
"St. Peter's Terrace, Fulham","St. Peter's Terrace, Fulham",462,True
"Vauxhall Cross, Vauxhall","Vauxhall Street, Vauxhall",461,False
"Waterloo Station 1, Waterloo","Cheapside, Bank",461,False
"Kingsway Southbound, Strand","Tate Modern, Bankside",461,False
"Tower Wharf, Bermondsey","Tower Wharf, Bermondsey",461,True
"Falkirk Street, Hoxton","Falkirk Street, Hoxton",461,True
"Kensington Church Street, Kensington","Palace Gardens Terrace, Notting Hill",461,False
"Albany Street, The Regent's Park","Park Road (Baker Street), The Regent's Park",461,False
"Aquatic Centre, Queen Elizabeth Olympic Park","Here East North, Queen Elizabeth Olympic Park",460,False
"Dunston Road , Haggerston","Pritchard's Road, Bethnal Green",460,False
"Strata, Elephant & Castle","Empire Square, The Borough",460,False
"Monument Street, Monument","Somerset House, Strand",460,False
"North Wharf Road, Paddington","North Wharf Road, Paddington",459,True
"Waterloo Station 1, Waterloo","Godliman Street, St. Paul's",459,False
"Waterloo Station 2, Waterloo","Cheapside, Bank",459,False
"Tower Gardens , Tower","Temple Gardens, Temple",458,False
"East Village, Queen Elizabeth Olympic Park","Podium, Queen Elizabeth Olympic Park",458,False
"Finsbury Leisure Centre, St. Luke's","Old Street Station, St. Luke's",458,False
"Shoreditch High Street, Shoreditch","Pitfield Street North,Hoxton",458,False
"Hammersmith Road, Hammersmith","Hammersmith Road, Hammersmith",458,True
"Dorset Square, Marylebone","Grove End Road, St. John's Wood",458,False
"Temple Gardens, Temple","Whitehall Place, Strand",458,False
"Parsons Green Station, Parsons Green","Stephendale Road, Sands End",457,False
"Knightsbridge, Hyde Park","Albert Gate, Hyde Park",457,False
"Moorfields, Moorgate","Eagle Wharf Road, Hoxton",457,False
"Belgrove Street , King's Cross","Broadwick Street, Soho",456,False
"Regent's Row , Haggerston","Granby Street, Shoreditch",456,False
"London Fields, Hackney Central","Pitfield Street North,Hoxton",455,False
"Aquatic Centre, Queen Elizabeth Olympic Park","Here East South, Queen Elizabeth Olympic Park",455,False
"Coomer Place, West Kensington","Greyhound Road, Hammersmith",455,False
"Waterloo Station 3, Waterloo","Wellington Street , Strand",455,False
"Halford Road, West Kensington","Halford Road, West Kensington",455,True
"Drury Lane, Covent Garden","Drury Lane, Covent Garden",455,True
"Victoria Park Road, Hackney Central","York Hall, Bethnal Green",455,False
"Driffield Road, Old Ford","Maplin Street, Mile End",454,False
"Somerset House, Strand","Monument Street, Monument",454,False
"Putney Pier, Wandsworth","Crisp Road, Hammersmith",454,False
"Queen Mary's, Mile End","Queen Mary's, Mile End",453,True
"Black Lion Gate, Kensington Gardens","Storey's Gate, Westminster",453,False
"Riverlight South, Nine Elms","Riverlight South, Nine Elms",453,True
"Gas Holders, Battersea Park","Westbridge Road, Battersea",453,False
"Falcon Road, Clapham Junction","Albert Bridge Road, Battersea Park",452,False
"Empire Square, The Borough","George Row, Bermondsey",452,False
"Finsbury Circus, Liverpool Street","Holborn Circus, Holborn",452,False
"Pitfield Street North,Hoxton","Brushfield Street, Liverpool Street",452,False
"Barons Court Station, West Kensington","Finlay Street, Fulham",451,False
"Upper Bank Street, Canary Wharf","Westferry Circus, Canary Wharf",451,False
"Good's Way, King's Cross","Bonny Street, Camden Town",451,False
"Nesham Street, Wapping","Watney Street, Shadwell",451,False
"Jubilee Gardens, South Bank","Hop Exchange, The Borough",451,False
"Woodstock Grove, Shepherd's Bush","Blythe Road West, Shepherd's Bush",451,False
"Belgrove Street , King's Cross","Drury Lane, Covent Garden",451,False
"Westminster Pier, Westminster","Panton Street, West End",451,False
"Wenlock Road , Hoxton","Falkirk Street, Hoxton",450,False
"Notting Hill Gate Station, Notting Hill","Westbourne Park Road, Portobello",450,False
"Westminster Pier, Westminster","Hop Exchange, The Borough",450,False
"Timber Lodge, Queen Elizabeth Olympic Park","Stratford Station, Stratford",450,False
"Tooley Street, Bermondsey","Leman Street, Aldgate",450,False
"St. Bride Street, Holborn","Waterloo Station 1, Waterloo",450,False
"Gauden Road, Clapham","Gauden Road, Clapham",450,True
"Lancaster Gate , Bayswater","Bishop's Bridge Road West, Bayswater",449,False
"William Morris Way, Sands End","Imperial Wharf Station, Sands End",449,False
"Duke Street Hill, London Bridge","George Row, Bermondsey",449,False
"Queensway, Kensington Gardens","Exhibition Road, Knightsbridge",449,False
"Bunhill Row, Moorgate","Islington Green, Angel",449,False
"Snowsfields, London Bridge","Snowsfields, London Bridge",449,True
"Stephendale Road, Sands End","Stephendale Road, Sands End",449,True
"Craven Street, Strand","Wellington Arch, Hyde Park",448,False
"Union Grove, Wandsworth Road","Vauxhall Cross, Vauxhall",448,False
"Bermondsey Station, Bermondsey","George Row, Bermondsey",448,False
"De Vere Gardens, Kensington","De Vere Gardens, Kensington",448,True
"Sutton Street, Shadwell","Great Tower Street, Monument",448,False
"South Park, Sands End","Imperial Wharf Station, Sands End",448,False
"Furze Green, Bow","Royal London Hospital, Whitechapel",448,False
"Belvedere Road 2, South Bank","Belvedere Road 2, South Bank",447,True
"Vereker Road, West Kensington","Vereker Road, West Kensington",447,True
"Binfield Road, Stockwell","Binfield Road, Stockwell",446,True
"Ackroyd Drive, Bow","Ackroyd Drive, Bow",446,True
"Rainville Road, Hammersmith","Bridge Avenue, Hammersmith",446,False
"Brushfield Street, Liverpool Street","Waterloo Station 1, Waterloo",446,False
"Queen's Circus, Battersea Park","Prince of Wales Drive, Battersea Park",446,False
"Hertford Road, De Beauvoir Town","Islington Green, Angel",446,False
"Napier Avenue, Millwall","Napier Avenue, Millwall",446,True
"Stephendale Road, Sands End","Parsons Green Station, Parsons Green",445,False
"Gascoyne Road, Victoria Park","Aquatic Centre, Queen Elizabeth Olympic Park",445,False
"Antill Road, Mile End","Mile End Park Leisure Centre, Mile End",445,False
"Gas Holders, Battersea Park","Albert Bridge Road, Battersea Park",445,False
"Lindfield Street, Poplar","Jubilee Plaza, Canary Wharf",444,False
"Hyde Park Corner, Hyde Park","Derry Street, Kensington",444,False
"Ravenscourt Park Station, Hammersmith","Imperial College, Knightsbridge",444,False
"Riverlight North, Nine Elms","Albert Embankment, Vauxhall",444,False
"Finsbury Circus, Liverpool Street","Newgate Street , St. Paul's",444,False
"Waterloo Station 1, Waterloo","Wellington Street , Strand",444,False
"Here East South, Queen Elizabeth Olympic Park","Aquatic Centre, Queen Elizabeth Olympic Park",444,False
"Wellington Row, Bethnal Green","Wellington Row, Bethnal Green",443,True
"Imperial Road, Sands End","Normand Park, West Kensington",443,False
"Old Quebec Street, Marylebone","Hyde Park Corner, Hyde Park",443,False
"Park Lane, Mayfair","Park Lane, Mayfair",443,True
"Newgate Street , St. Paul's","Waterloo Station 1, Waterloo",442,False
"Normandy Road, Stockwell","Kennington Lane Rail Bridge, Vauxhall",442,False
"Monument Street, Monument","Waterloo Station 3, Waterloo",442,False
"Crawford Street, Marylebone","Crawford Street, Marylebone",442,True
"Kennington Lane Rail Bridge, Vauxhall","Kennington Lane Rail Bridge, Vauxhall",441,True
"Waterloo Station 3, Waterloo","King Edward Street, St Pauls",441,False
"Tooley Street, Bermondsey","Tower Wharf, Bermondsey",441,False
"Aintree Street, Fulham","Trebovir Road, Earl's Court",441,False
"Lavington Street, Bankside","Waterloo Station 1, Waterloo",441,False
"George Row, Bermondsey","Duke Street Hill, London Bridge",441,False
"Great Dover Street, The Borough","Kingsway Southbound, Strand",441,False
"Wapping Lane, Wapping","Hermitage Court, Wapping",441,False
"Westbridge Road, Battersea","Westbridge Road, Battersea",441,True
"Eagle Wharf Road, Hoxton","Liverpool Road (N1 Centre), Angel",441,False
"Devonshire Terrace, Bayswater","Green Street, Mayfair",441,False
"Bermondsey Street, Bermondsey","Duke Street Hill, London Bridge",441,False
"Vauxhall Cross, Vauxhall","Union Grove, Wandsworth Road",441,False
"Hereford Road, Bayswater","Hereford Road, Bayswater",441,True
"Doric Way , Somers Town","Good's Way, King's Cross",440,False
"Albert Square, Stockwell","Kennington Road Post Office, Oval",440,False
"Liverpool Road (N1 Centre), Angel","Wenlock Road , Hoxton",440,False
"Braham Street, Aldgate","Cleveland Way, Stepney",440,False
"Walnut Tree Walk, Vauxhall","Hop Exchange, The Borough",440,False
"Binfield Road, Stockwell","Sidney Road, Stockwell",440,False
"Kennington Road Post Office, Oval","Kennington Road Post Office, Oval",440,True
"Page Street, Westminster","Page Street, Westminster",439,True
"Hop Exchange, The Borough","Wormwood Street, Liverpool Street",439,False
"Bricklayers Arms, Borough","Tooley Street, Bermondsey",439,False
"Sutton Street, Shadwell","Crosswall, Tower",439,False
"Wellington Street , Strand","Hop Exchange, The Borough",439,False
"Manbre Road, Hammersmith","Bishop's Avenue, Fulham",439,False
"Wapping Lane, Wapping","Wapping Lane, Wapping",438,True
"Black Lion Gate, Kensington Gardens","Bayswater Road, Hyde Park",438,False
"New Inn Yard, Shoreditch","Regent's Row , Haggerston",438,False
"Tower Gardens , Tower","Queen Street 2, Bank",438,False
"Hop Exchange, The Borough","Bermondsey Street, Bermondsey",438,False
"Bromley High Street, Bow","Aquatic Centre, Queen Elizabeth Olympic Park",438,False
"Moor Street, Soho","Warren Street Station, Euston",438,False
"Cartwright Gardens , Bloomsbury","Cartwright Gardens , Bloomsbury",437,True
"Queen Street 2, Bank","Queen Street 2, Bank",437,True
"Battersea Church Road, Battersea","Battersea Power Station, Battersea Park",437,False
"Albert Gate, Hyde Park","Pall Mall East, West End",437,False
"Hewison Street, Old Ford","Hewison Street, Old Ford",437,True
"Old Ford Road, Bethnal Green","Old Ford Road, Bethnal Green",437,True
"Parsons Green Station, Parsons Green","Aintree Street, Fulham",436,False
"Warren Street Station, Euston","Bayley Street , Bloomsbury",436,False
"Driffield Road, Old Ford","Aquatic Centre, Queen Elizabeth Olympic Park",436,False
"Lee Valley VeloPark, Queen Elizabeth Olympic Park","Copper Box Arena, Queen Elizabeth Olympic Park",436,False
"Murray Grove , Hoxton","Murray Grove , Hoxton",436,True
"Pritchard's Road, Bethnal Green","Queensbridge Road, Haggerston",436,False
"Hertford Road, De Beauvoir Town","Hertford Road, De Beauvoir Town",436,True
"Hyde Park Corner, Hyde Park","Whitehall Place, Strand",436,False
"Regent's Row , Haggerston","Cadogan Close, Victoria Park",435,False
"Battersea Park Road, Nine Elms","Stanley Grove, Battersea",435,False
"Macclesfield Rd, St Lukes","Bunhill Row, Moorgate",435,False
"Greenland Road, Camden Town","Hampstead Road, Euston",435,False
"Old Street Station, St. Luke's","Columbia Road, Shoreditch",435,False
"Cleveland Way, Stepney","Mile End Stadium, Mile End",434,False
"Derry Street, Kensington","Emperor's Gate, South Kensington",434,False
"Derry Street, Kensington","Lexham Gardens, Kensington",434,False
"Sardinia Street, Holborn","Taviton Street, Bloomsbury",434,False
"Goldsmith's Row, Haggerston","Brushfield Street, Liverpool Street",434,False
"Exhibition Road, Knightsbridge","Albert Gate, Hyde Park",434,False
"Battersea Power Station, Battersea Park","Queen's Circus, Battersea Park",434,False
"Fulham Broadway, Walham Green","World's End Place, West Chelsea",433,False
"Fulham Broadway, Walham Green","Aintree Street, Fulham",433,False
"Hop Exchange, The Borough","Waterloo Station 3, Waterloo",433,False
"Albert Gardens, Stepney","Sutton Street, Shadwell",433,False
"Hop Exchange, The Borough","Bankside Mix, Bankside",432,False
"Warwick Avenue Station, Maida Vale","Clifton Road, Maida Vale",432,False
"Hibbert Street, Battersea","Hibbert Street, Battersea",432,True
"Allington Street, Victoria","Whitehall Place, Strand",432,False
"Hampstead Road, Euston","Harrington Square 1, Camden Town",432,False
"Cranmer Road, Stockwell","Saltoun Road, Brixton",432,False
"Crisp Road, Hammersmith","Vereker Road, West Kensington",431,False
"Beryl Road, Hammersmith","Barons Court Station, West Kensington",431,False
"Wellington Arch, Hyde Park","Northumberland Avenue, Strand",431,False
"Derry Street, Kensington","Collingham Gardens, Earl's Court",431,False
"Palace Gardens Terrace, Notting Hill","Palace Gardens Terrace, Notting Hill",431,True
"Harcourt Terrace, West Brompton","South Kensington Station, South Kensington",431,False
"Jubilee Crescent, Cubitt Town","Jubilee Crescent, Cubitt Town",431,True
"Southampton Street, Strand","Southampton Street, Strand",431,True
"Maplin Street, Mile End","Driffield Road, Old Ford",431,False
"Limerston Street, West Chelsea","Sloane Avenue, Knightsbridge",430,False
"Old Brompton Road, South Kensington","Gloucester Road Station, South Kensington",430,False
"Gas Holders, Battersea Park","Vauxhall Cross, Vauxhall",430,False
"Page Street, Westminster","Queen Mother Sports Centre, Victoria",430,False
"St. Mark's Road, North Kensington","Lansdowne Road, Ladbroke Grove",430,False
"Hyde Park Corner, Hyde Park","Exhibition Road Museums 1, South Kensington",430,False
"Pitfield Street North,Hoxton","Shoreditch High Street, Shoreditch",430,False
"William Morris Way, Sands End","Fulham Broadway, Walham Green",430,False
"Exhibition Road, Knightsbridge","Derry Street, Kensington",429,False
"Belgrove Street , King's Cross","Cheapside, Bank",429,False
"Page Street, Westminster","Ashley Place, Victoria",429,False
"Sutton Street, Shadwell","Sutton Street, Shadwell",429,True
"Waterloo Station 3, Waterloo","St. Mary Axe, Aldgate",429,False
"Belgrove Street , King's Cross","Chapel Place, Marylebone",428,False
"Aldersgate Street, Barbican","Sadlers Sports Centre, Finsbury",428,False
"St. James's Square, St. James's","Belgrove Street , King's Cross",428,False
"Bayswater Road, Hyde Park","Palace Gate, Kensington Gardens",428,False
"Gas Holders, Battersea Park","Orbel Street, Battersea",428,False
"Wellington Street , Strand","Waterloo Station 3, Waterloo",428,False
"Aquatic Centre, Queen Elizabeth Olympic Park","Gascoyne Road, Victoria Park",428,False
"Jubilee Plaza, Canary Wharf","Lindfield Street, Poplar",428,False
"London Fields, Hackney Central","Granby Street, Shoreditch",427,False
"Strata, Elephant & Castle","Hop Exchange, The Borough",427,False
"Tower Gardens , Tower","Nesham Street, Wapping",427,False
"Warwick Road, Olympia","Warwick Road, Olympia",427,True
"Derry Street, Kensington","Derry Street, Kensington",427,True
"Empire Square, The Borough","Bricklayers Arms, Borough",427,False
"Derry Street, Kensington","Gloucester Road (North), Kensington",427,False
"Flamborough Street, Limehouse","Fashion Street, Whitechapel",427,False
"London Fields, Hackney Central","Pritchard's Road, Bethnal Green",427,False
"Battersea Power Station, Battersea Park","Battersea Church Road, Battersea",426,False
"De Vere Gardens, Kensington","Gloucester Road Station, South Kensington",426,False
"Here East South, Queen Elizabeth Olympic Park","East Village, Queen Elizabeth Olympic Park",426,False
"Hop Exchange, The Borough","Walnut Tree Walk, Vauxhall",426,False
"Imperial Wharf Station, Sands End","Erin Close, Walham Green",426,False
"Braham Street, Aldgate","Duke Street Hill, London Bridge",426,False
"Eagle Wharf Road, Hoxton","Pitfield Street North,Hoxton",426,False
"Bonny Street, Camden Town","Bonny Street, Camden Town",426,True
"Stanley Grove, Battersea","Battersea Park Road, Nine Elms",426,False
"Cleveland Way, Stepney","Globe Town Market, Bethnal Green",425,False
"Richmond Way, Shepherd's Bush","Richmond Way, Shepherd's Bush",425,True
"Swan Street, The Borough","Baylis Road, Waterloo",425,False
"Serpentine Car Park, Hyde Park","Exhibition Road Museums 1, South Kensington",425,False
"Bethnal Green Road, Shoreditch","Duke Street Hill, London Bridge",425,False
"Parson's Green , Parson's Green","Parson's Green , Parson's Green",425,True
"Waterloo Station 3, Waterloo","Fore Street Avenue, Guildhall",425,False
"St. James's Square, St. James's","Waterloo Station 3, Waterloo",424,False
"Silverthorne Road, Battersea","Clapham Common Station, Clapham Common",424,False
"Drayton Gardens, West Chelsea","South Kensington Station, South Kensington",424,False
"Green Park Station, Mayfair","Seville Street, Knightsbridge",424,False
"Clapham Common North Side, Clapham Common","Clapham Common North Side, Clapham Common",424,True
"Long Lane , Bermondsey","Long Lane , Bermondsey",424,True
"Clerkenwell Green, Clerkenwell","Clerkenwell Green, Clerkenwell",424,True
"Waterloo Station 3, Waterloo","St. James's Square, St. James's",424,False
"Simpson Street, Clapham Junction","Vicarage Crescent, Battersea",424,False
"Imperial Wharf Station, Sands End","Stephendale Road, Sands End",423,False
"Park Lane , Hyde Park","Queensway, Kensington Gardens",423,False
"Falcon Road, Clapham Junction","Battersea Power Station, Battersea Park",423,False
"Sea Containers, South Bank","Sea Containers, South Bank",423,True
"New Road 1 , Whitechapel","New Road 1 , Whitechapel",423,True
"Hansard Mews, Holland Park","Kensington Olympia Station, Olympia",423,False
"Palace Gardens Terrace, Notting Hill","Vicarage Gate, Kensington",423,False
"Bayswater Road, Hyde Park","Wellington Arch, Hyde Park",423,False
"Waterloo Station 2, Waterloo","Bank of England Museum, Bank",422,False
"Eagle Wharf Road, Hoxton","Cheapside, Bank",422,False
"Bayswater Road, Hyde Park","Park Lane , Hyde Park",422,False
"Lansdowne Road, Ladbroke Grove","Lansdowne Road, Ladbroke Grove",422,True
"Gloucester Avenue, Camden Town","Broadcasting House, Marylebone",421,False
"Cheshire Street, Bethnal Green","Bethnal Green Road, Shoreditch",421,False
"Shoreditch High Street, Shoreditch","Pritchard's Road, Bethnal Green",421,False
"Ram Street, Wandsworth","Ram Street, Wandsworth",421,True
"Palissy Street, Shoreditch","Goldsmith's Row, Haggerston",421,False
"Cleveland Way, Stepney","Ford Road, Old Ford",421,False
"Rampayne Street, Pimlico","Page Street, Westminster",421,False
"Vincent Street, Pimlico","Tachbrook Street, Victoria",421,False
"Royal London Hospital, Whitechapel","Cleveland Way, Stepney",421,False
"Lambeth Palace Road, Waterloo","Walnut Tree Walk, Vauxhall",421,False
"Broadwick Street, Soho","Broadwick Street, Soho",421,True
"Parsons Green Station, Parsons Green","Broomhouse Lane, Parsons Green",421,False
"Bridge Avenue, Hammersmith","Ravenscourt Park Station, Hammersmith",420,False
"Vereker Road, West Kensington","Crisp Road, Hammersmith",420,False
"Fulham Broadway, Walham Green","St. Peter's Terrace, Fulham",420,False
"Tower Gardens , Tower","Curlew Street, Shad Thames",419,False
"Green Park Station, Mayfair","Albert Gate, Hyde Park",419,False
"Waterloo Station 2, Waterloo","Holborn Circus, Holborn",419,False
"Stepney Green Station, Stepney","Harford Street, Mile End",418,False
"St. Katharine's Way, Tower","Westferry Circus, Canary Wharf",418,False
"Ansell House, Stepney","Jubilee Street, Stepney",418,False
"Finsbury Leisure Centre, St. Luke's","Fore Street, Guildhall",418,False
"Charlbert Street, St. John's Wood","Charlbert Street, St. John's Wood",418,True
"Ethelburga Estate, Battersea Park","Riverlight South, Nine Elms",418,False
"Little Argyll Street, West End","Panton Street, West End",418,False
"Aberdeen Place, St. John's Wood","Maida Vale, Maida Vale",417,False
"St. John's Wood Church, The Regent's Park","Dorset Square, Marylebone",417,False
"Palace Gate, Kensington Gardens","Bayswater Road, Hyde Park",417,False
"Charing Cross Hospital, Hammersmith","Bridge Avenue, Hammersmith",417,False
"Aquatic Centre, Queen Elizabeth Olympic Park","Gunmakers Lane, Old Ford",417,False
"Imperial College, Knightsbridge","Black Lion Gate, Kensington Gardens",417,False
"Wellington Road, St. John's Wood","Dorset Square, Marylebone",417,False
"Jubilee Street, Stepney","Bethnal Green Road, Shoreditch",416,False
"Lexham Gardens, Kensington","Lexham Gardens, Kensington",416,True
"York Hall, Bethnal Green","Bonner Gate, Victoria Park",416,False
"Trebovir Road, Earl's Court","Trebovir Road, Earl's Court",416,True
"Exhibition Road, Knightsbridge","St Mary's Hospital, Paddington",416,False
"Harford Street, Mile End","Cleveland Way, Stepney",416,False
"Dunston Road , Haggerston","Bethnal Green Road, Shoreditch",416,False
"Gascoyne Road, Victoria Park","Victoria Park Road, Hackney Central",416,False
"Stratford Station, Stratford","Podium, Queen Elizabeth Olympic Park",416,False
"Buckingham Gate, Westminster","Westminster Pier, Westminster",415,False
"Blackfriars Road, Southwark","Hop Exchange, The Borough",415,False
"Queen Mary's, Mile End","New Road 1 , Whitechapel",415,False
"Brushfield Street, Liverpool Street","Brick Lane Market, Shoreditch",415,False
"Columbia Road, Shoreditch","London Fields, Hackney Central",415,False
"Bonny Street, Camden Town","Good's Way, King's Cross",415,False
"Knightsbridge, Hyde Park","Serpentine Car Park, Hyde Park",415,False
"Kennington Lane Rail Bridge, Vauxhall","Doddington Grove, Kennington",415,False
"Kennington Lane Rail Bridge, Vauxhall","Normandy Road, Stockwell",415,False
"Mile End Park Leisure Centre, Mile End","Burdett Road, Mile End",415,False
"Alfreda Street, Battersea Park","Battersea Park Road, Nine Elms",415,False
"Gloucester Road (North), Kensington","Derry Street, Kensington",415,False
"York Hall, Bethnal Green","Ada Street, Hackney Central",415,False
"Osiers Road, Wandsworth","Osiers Road, Wandsworth",414,True
"Greenland Road, Camden Town","Pancras Road, King's Cross",414,False
"Wormwood Street, Liverpool Street","Tate Modern, Bankside",414,False
"Humbolt Road, Fulham","Normand Park, West Kensington",414,False
"Queen's Circus, Battersea Park","Sedding Street, Sloane Square",414,False
"Black Lion Gate, Kensington Gardens","Green Street, Mayfair",414,False
"Bolsover Street, Fitzrovia","Bolsover Street, Fitzrovia",414,True
"Shepherd's Bush Road North, Shepherd's Bush","Southerton Road, Hammersmith",414,False
"Wellington Road, St. John's Wood","Park Road (Baker Street), The Regent's Park",414,False
"Crisp Road, Hammersmith","Putney Pier, Wandsworth",414,False
"Shoreditch High Street, Shoreditch","Duke Street Hill, London Bridge",414,False
"Islington Green, Angel","Hertford Road, De Beauvoir Town",413,False
"Jubilee Plaza, Canary Wharf","Napier Avenue, Millwall",413,False
"Whiston Road, Haggerston","Brushfield Street, Liverpool Street",413,False
"Granby Street, Shoreditch","Hollybush Gardens, Bethnal Green",413,False
"Cheshire Street, Bethnal Green","Brushfield Street, Liverpool Street",413,False
"Sandilands Road, Walham Green","Parsons Green Station, Parsons Green",413,False
"Great Percy Street, Clerkenwell","Hatton Garden, Holborn",413,False
"Belgrove Street , King's Cross","Northington Street , Holborn",412,False
"York Hall, Bethnal Green","Victoria Park Road, Hackney Central",412,False
"Greyhound Road, Hammersmith","Crisp Road, Hammersmith",412,False
"Riverlight South, Nine Elms","Battersea Power Station, Battersea Park",412,False
"Regent's Row , Haggerston","Duke Street Hill, London Bridge",411,False
"Museum of London, Barbican","Finsbury Circus, Liverpool Street",411,False
"Gloucester Road Station, South Kensington","Queen's Gate (North), Kensington",411,False
"Westbridge Road, Battersea","St. John's Road, Clapham Junction",411,False
"Kennington Oval, Oval","Vauxhall Street, Vauxhall",411,False
"Fulham Broadway, Walham Green","The Vale, Chelsea",411,False
"Wenlock Road , Hoxton","Islington Green, Angel",411,False
"Albany Street, The Regent's Park","Hampstead Road, Euston",411,False
"Pott Street, Bethnal Green","Globe Town Market, Bethnal Green",411,False
"Great Dover Street, The Borough","Houghton Street, Strand",411,False
"Regent's Row , Haggerston","Columbia Road, Shoreditch",410,False
"Mile End Stadium, Mile End","Mile End Stadium, Mile End",410,True
"Hibbert Street, Battersea","Battersea Power Station, Battersea Park",410,False
"Hyde Park Corner, Hyde Park","Knightsbridge, Hyde Park",410,False
"Chesilton Road, Fulham","Finlay Street, Fulham",410,False
"Pont Street, Knightsbridge","Pont Street, Knightsbridge",410,True
"Bayley Street , Bloomsbury","Bayley Street , Bloomsbury",410,True
"Bow Church Station, Bow","Royal London Hospital, Whitechapel",410,False
"Nesham Street, Wapping","Nesham Street, Wapping",410,True
"Old Montague Street, Whitechapel","Shoreditch High Street, Shoreditch",410,False
"Finlay Street, Fulham","Beryl Road, Hammersmith",410,False
"Bow Road Station, Bow","Bow Church Station, Bow",409,False
"Bermondsey Street, Bermondsey","Wormwood Street, Liverpool Street",409,False
"Penywern Road, Earl's Court","Hortensia Road, West Brompton",409,False
"Falcon Road, Clapham Junction","Flood Street, Chelsea",409,False
"Victoria Rise, Clapham Common","St. John's Road, Clapham Junction",409,False
"South Kensington Station, South Kensington","Drayton Gardens, West Chelsea",409,False
"Strata, Elephant & Castle","Lollard Street, Vauxhall",409,False
"Hop Exchange, The Borough","Jubilee Gardens, South Bank",409,False
"Park Lane , Hyde Park","Wellington Arch, Hyde Park",408,False
"Wellington Street , Strand","Wellington Street , Strand",408,True
"Somerset House, Strand","Queen Street 2, Bank",408,False
"Bricklayers Arms, Borough","Curlew Street, Shad Thames",408,False
"Pancras Road, King's Cross","Castlehaven Road, Camden Town",408,False
"Notting Hill Gate Station, Notting Hill","Hereford Road, Bayswater",407,False
"Storey's Gate, Westminster","Serpentine Car Park, Hyde Park",407,False
"Fanshaw Street, Hoxton","Bethnal Green Road, Shoreditch",407,False
"South Kensington Station, South Kensington","Sloane Avenue, Knightsbridge",407,False
"Bramham Gardens, Earl's Court","Exhibition Road, Knightsbridge",407,False
"Vauxhall Cross, Vauxhall","Black Prince Road, Vauxhall",407,False
"Albert Gate, Hyde Park","Queensway, Kensington Gardens",407,False
"Leman Street, Aldgate","Watney Street, Shadwell",407,False
"Cranmer Road, Stockwell","Normandy Road, Stockwell",407,False
"Howland Street, Fitzrovia","Belgrove Street , King's Cross",407,False
"Ram Street, Wandsworth","Simpson Street, Clapham Junction",407,False
"Exhibition Road, Knightsbridge","Gloucester Road Station, South Kensington",406,False
"Clapham Common Station, Clapham Common","Ferndale Road, Brixton",406,False
"Aberfeldy Street, Poplar","Aberfeldy Street, Poplar",406,True
"Simpson Street, Clapham Junction","Battersea Park Road, Nine Elms",406,False
"Harriet Street, Knightsbridge","Harriet Street, Knightsbridge",406,True
"Hop Exchange, The Borough","Blackfriars Road, Southwark",406,False
"Waterloo Station 1, Waterloo","Tallis Street, Temple",406,False
"Cranmer Road, Stockwell","Ferndale Road, Brixton",406,False
"Fore Street, Guildhall","Waterloo Station 3, Waterloo",405,False
"LSBU (Borough Road), Elephant & Castle","LSBU (Borough Road), Elephant & Castle",405,True
"Tooley Street, Bermondsey","Bricklayers Arms, Borough",405,False
"Serpentine Car Park, Hyde Park","Exhibition Road, Knightsbridge",405,False
"Ram Street, Wandsworth","Grant Road East, Clapham Junction",405,False
"Doddington Grove, Kennington","Hop Exchange, The Borough",405,False
"Bow Road Station, Bow","Wendon Street, Old Ford",405,False
"Hop Exchange, The Borough","Milroy Walk, South Bank",405,False
"London Fields, Hackney Central","Leonard Circus , Shoreditch",405,False
"Hartington Road, Stockwell","Hartington Road, Stockwell",404,True
"Lambeth Palace Road, Waterloo","Empire Square, The Borough",404,False
"Belgrove Street , King's Cross","Abbey Orchard Street, Westminster",404,False
"Drayton Gardens, West Chelsea","Drayton Gardens, West Chelsea",404,True
"Waterloo Station 3, Waterloo","Breams Buildings, Holborn",404,False
"Alderney Street, Pimlico","Sopwith Way, Battersea Park",404,False
"Green Park Station, Mayfair","Serpentine Car Park, Hyde Park",404,False
"St. Peter's Terrace, Fulham","Trebovir Road, Earl's Court",403,False
"Pritchard's Road, Bethnal Green","Islington Green, Angel",403,False
"Waterloo Station 3, Waterloo","Norton Folgate, Liverpool Street",403,False
"Pitfield Street North,Hoxton","Hoxton Street, Hoxton",403,False
"Bishop's Bridge Road West, Bayswater","Eastbourne Mews, Paddington",403,False
"Little Argyll Street, West End","Crawford Street, Marylebone",403,False
"Crosswall, Tower","Waterloo Station 3, Waterloo",403,False
"Duke Street Hill, London Bridge","Bermondsey Street, Bermondsey",402,False
"Sugden Road, Clapham","St. John's Road, Clapham Junction",402,False
"Bonner Gate, Victoria Park","Regent's Row , Haggerston",402,False
"Hammersmith Road, Hammersmith","Gwendwr Road, West Kensington",402,False
"Great Tower Street, Monument","Nesham Street, Wapping",402,False
"Upper Bank Street, Canary Wharf","East India DLR, Blackwall",402,False
"Queen's Gate (North), Kensington","Queen's Gate (North), Kensington",402,True
"Surrey Lane, Battersea","Falcon Road, Clapham Junction",401,False
"Lansdowne Road, Ladbroke Grove","Blenheim Crescent, Ladbroke Grove",401,False
"Beryl Road, Hammersmith","Greyhound Road, Hammersmith",401,False
"Tower Gardens , Tower","Westferry DLR, Limehouse",401,False
"Queensway, Kensington Gardens","Imperial College, Knightsbridge",401,False
"Wendon Street, Old Ford","Bow Road Station, Bow",401,False
"Waterloo Station 3, Waterloo","Hop Exchange, The Borough",401,False
"Lots Road, West Chelsea","Fulham Broadway, Walham Green",401,False
"Bishop's Bridge Road West, Bayswater","Cleveland Gardens, Bayswater",401,False
"Battersea Power Station, Battersea Park","Hibbert Street, Battersea",401,False
"Stepney Green Station, Stepney","Cleveland Way, Stepney",401,False
"Cadogan Close, Victoria Park","Gascoyne Road, Victoria Park",401,False
"Kennington Lane Rail Bridge, Vauxhall","Sancroft Street, Vauxhall",401,False
"Charlotte Terrace, Angel","Good's Way, King's Cross",400,False
"Russell Gardens, Olympia","Woodstock Grove, Shepherd's Bush",400,False
"Collingham Gardens, Earl's Court","Derry Street, Kensington",400,False
"Royal College Street, Camden Town","Endsleigh Gardens, Euston",400,False
"Vicarage Crescent, Battersea","St. John's Road, Clapham Junction",400,False
"The Tennis Courts, The Regent's Park","London Zoo Car Park, The Regent's Park",400,False
"Bethnal Green Road, Shoreditch","Dunston Road , Haggerston",400,False
"Aintree Street, Fulham","Fulham Broadway, Walham Green",400,False
"Ram Street, Wandsworth","Wandsworth Town Station, Wandsworth",400,False
"Alderney Street, Pimlico","Seville Street, Knightsbridge",399,False
"Shoreditch Park, Hoxton","Shoreditch High Street, Shoreditch",399,False
"World's End Place, West Chelsea","Fulham Broadway, Walham Green",399,False
"Reardon Street, Wapping","Watney Street, Shadwell",399,False
"Eastbourne Mews, Paddington","Exhibition Road, Knightsbridge",399,False
"Canton Street, Poplar","Westferry DLR, Limehouse",399,False
"Sedding Street, Sloane Square","Ethelburga Estate, Battersea Park",399,False
"Taviton Street, Bloomsbury","Russell Square Station, Bloomsbury",399,False
"Waterloo Station 2, Waterloo","Queen Street 2, Bank",399,False
"Cleveland Way, Stepney","Cleveland Way, Stepney",398,True
"Hampton Street, Walworth","Hampton Street, Walworth",398,True
"Notting Hill Gate Station, Notting Hill","Blenheim Crescent, Ladbroke Grove",398,False
"William IV Street, Strand","William IV Street, Strand",398,True
"Hop Exchange, The Borough","Brushfield Street, Liverpool Street",398,False
"Erin Close, Walham Green","William Morris Way, Sands End",398,False
"Porchester Place, Paddington","Devonshire Terrace, Bayswater",398,False
"Waterloo Station 3, Waterloo","High Holborn , Covent Garden",397,False
"York Hall, Bethnal Green","Gunmakers Lane, Old Ford",397,False
"Great Dover Street, The Borough","Hop Exchange, The Borough",397,False
"Cadogan Close, Victoria Park","Gunmakers Lane, Old Ford",397,False
"Granby Street, Shoreditch","Regent's Row , Haggerston",397,False
"Pitfield Street North,Hoxton","London Fields, Hackney Central",397,False
"Alderney Street, Pimlico","Rampayne Street, Pimlico",397,False
"Islington Green, Angel","Handyside Street, King's Cross",397,False
"Shoreditch Court, Haggerston","Brushfield Street, Liverpool Street",397,False
"Queen Mother Sports Centre, Victoria","Kennington Lane Rail Bridge, Vauxhall",397,False
"London Fields, Hackney Central","Columbia Road, Shoreditch",397,False
"Bayswater Road, Hyde Park","Storey's Gate, Westminster",396,False
"Ashley Crescent, Battersea","Ashley Crescent, Battersea",396,True
"Burdett Road, Mile End","Maplin Street, Mile End",396,False
"Park Road (Baker Street), The Regent's Park","The Tennis Courts, The Regent's Park",396,False
"Sadlers Sports Centre, Finsbury","Aldersgate Street, Barbican",396,False
"Royal London Hospital, Whitechapel","Central House, Aldgate",396,False
"Waterloo Station 3, Waterloo","Crosswall, Tower",396,False
"Regency Street, Westminster","Regency Street, Westminster",396,True
"Albert Embankment, Vauxhall","Riverlight North, Nine Elms",396,False
"Pott Street, Bethnal Green","Wellington Row, Bethnal Green",396,False
"Lower Marsh, Waterloo","Walnut Tree Walk, Vauxhall",395,False
"St. Katharine's Way, Tower","Garnet Street, Shadwell",395,False
"Bermondsey Station, Bermondsey","Empire Square, The Borough",395,False
"Battersea Power Station, Battersea Park","Wandsworth Town Station, Wandsworth",395,False
"Serpentine Car Park, Hyde Park","Old Quebec Street, Marylebone",395,False
"Jubilee Plaza, Canary Wharf","Alpha Grove, Millwall",394,False
"Flood Street, Chelsea","Harcourt Terrace, West Brompton",394,False
"Aintree Street, Fulham","South Kensington Station, South Kensington",394,False
"Great Russell Street, Bloomsbury","Great Russell Street, Bloomsbury",394,True
"Charlotte Terrace, Angel","Liverpool Road (N1 Centre), Angel",394,False
"Breams Buildings, Holborn","Waterloo Station 3, Waterloo",394,False
"Gloucester Road (North), Kensington","Gloucester Road (North), Kensington",394,True
"New Fetter Lane, Holborn","Finsbury Circus, Liverpool Street",394,False
"Whiston Road, Haggerston","Islington Green, Angel",393,False
"Queen Mother Sports Centre, Victoria","Queen Mother Sports Centre, Victoria",393,True
"Triangle Car Park, Hyde Park","Queensway, Kensington Gardens",393,False
"Blythe Road West, Shepherd's Bush","Woodstock Grove, Shepherd's Bush",393,False
"Cheapside, Bank","Brushfield Street, Liverpool Street",393,False
"Queen Street 2, Bank","Hop Exchange, The Borough",393,False
"Sedding Street, Sloane Square","Sedding Street, Sloane Square",393,True
"Fanshaw Street, Hoxton","Brushfield Street, Liverpool Street",393,False
"Imperial Road, Sands End","Coomer Place, West Kensington",393,False
"Pritchard's Road, Bethnal Green","Bethnal Green Road, Shoreditch",393,False
"The Vale, Chelsea","Sloane Avenue, Knightsbridge",393,False
"Great Tower Street, Monument","Hop Exchange, The Borough",392,False
"Spindrift Avenue, Millwall","East Ferry Road, Cubitt Town",392,False
"Finsbury Circus, Liverpool Street","New Fetter Lane, Holborn",392,False
"Curlew Street, Shad Thames","Hop Exchange, The Borough",392,False
"Rectory Square, Stepney","Stepney Green Station, Stepney",392,False
"Shepherd's Bush Road North, Shepherd's Bush","Shepherd's Bush Road North, Shepherd's Bush",392,True
"Danvers Street, West Chelsea","Imperial Wharf Station, Sands End",392,False
"Notting Hill Gate Station, Notting Hill","All Saints' Road, Portobello",392,False
"Notting Hill Gate Station, Notting Hill","Chepstow Villas, Notting Hill",392,False
"Falcon Road, Clapham Junction","Falcon Road, Clapham Junction",392,True
"Gascoyne Road, Victoria Park","Bonner Gate, Victoria Park",391,False
"Bevington Road West, North Kensington","Notting Hill Gate Station, Notting Hill",391,False
"Hoxton Station, Hoxton","Pitfield Street North,Hoxton",391,False
"Sedding Street, Sloane Square","World's End Place, West Chelsea",391,False
"Normandy Road, Stockwell","Cranmer Road, Stockwell",390,False
"Exhibition Road, Knightsbridge","Old Brompton Road, South Kensington",390,False
"Park Road (Baker Street), The Regent's Park","Charlbert Street, St. John's Wood",390,False
"Liverpool Road (N1 Centre), Angel","City Road, Angel",390,False
"Dock Street, Wapping","Dock Street, Wapping",390,True
"Strata, Elephant & Castle","Doddington Grove, Kennington",390,False
"Wells Street, Fitzrovia","Warren Street Station, Euston",390,False
"Grant Road East, Clapham Junction","Parson's Green , Parson's Green",390,False
"BBC White City, White City","Southerton Road, Hammersmith",390,False
"Kennington Lane Rail Bridge, Vauxhall","Cranmer Road, Stockwell",390,False
"Victoria Park Road, Hackney Central","Cadogan Close, Victoria Park",390,False
"LMU Commercial Road, Whitechapel","Brushfield Street, Liverpool Street",389,False
"Fulham Broadway, Walham Green","Thorndike Close, West Chelsea",389,False
"Lee Valley VeloPark, Queen Elizabeth Olympic Park","Here East North, Queen Elizabeth Olympic Park",389,False
"Bethnal Green Road, Shoreditch","Leonard Circus , Shoreditch",389,False
"Knightsbridge, Hyde Park","Park Lane , Hyde Park",389,False
"Bethnal Green Road, Shoreditch","Twig Folly Bridge, Mile End",389,False
"Baylis Road, Waterloo","Long Lane , Bermondsey",388,False
"Cleveland Way, Stepney","New Road 1 , Whitechapel",388,False
"Bankside Mix, Bankside","Wormwood Street, Liverpool Street",388,False
"Grant Road East, Clapham Junction","Osiers Road, Wandsworth",388,False
"Brick Lane Market, Shoreditch","Regent's Row , Haggerston",388,False
"Great Tower Street, Monument","Whitehall Place, Strand",388,False
"Wormwood Street, Liverpool Street","Lavington Street, Bankside",388,False
"Temple Gardens, Temple","Storey's Gate, Westminster",388,False
"Macclesfield Rd, St Lukes","Macclesfield Rd, St Lukes",388,True
"Serpentine Car Park, Hyde Park","Storey's Gate, Westminster",388,False
"Sea Containers, South Bank","Wormwood Street, Liverpool Street",388,False
"Sandilands Road, Walham Green","Sandilands Road, Walham Green",388,True
"Sancroft Street, Vauxhall","Kennington Lane Rail Bridge, Vauxhall",388,False
"Farringdon Street, Holborn","Waterloo Station 1, Waterloo",387,False
"Watney Street, Shadwell","Reardon Street, Wapping",387,False
"William Morris Way, Sands End","Erin Close, Walham Green",387,False
"Lansdowne Road, Ladbroke Grove","Walmer Road, Avondale",387,False
"Leonard Circus , Shoreditch","Leonard Circus , Shoreditch",387,True
"Lower Marsh, Waterloo","Lollard Street, Vauxhall",387,False
"Falcon Road, Clapham Junction","Manresa Road, Chelsea",387,False
"Whitehall Place, Strand","Queen Street 2, Bank",387,False
"Lollard Street, Vauxhall","Lollard Street, Vauxhall",387,True
"Old Street Station, St. Luke's","Pitfield Street North,Hoxton",387,False
"St. John's Wood Road, St. John's Wood","Dorset Square, Marylebone",387,False
"Regent's Row , Haggerston","Goldsmith's Row, Haggerston",387,False
"Eccleston Place, Victoria","Flood Street, Chelsea",387,False
"Brushfield Street, Liverpool Street","London Fields, Hackney Central",387,False
"Maplin Street, Mile End","Ansell House, Stepney",386,False
"Emperor's Gate, South Kensington","Derry Street, Kensington",386,False
"York Way, Kings Cross","Greenland Road, Camden Town",386,False
"Westminster Pier, Westminster","Crosswall, Tower",386,False
"Palissy Street, Shoreditch","Palissy Street, Shoreditch",386,True
"Hyde Park Corner, Hyde Park","Palace Gardens Terrace, Notting Hill",386,False
"Finlay Street, Fulham","Parsons Green Station, Parsons Green",386,False
"Fanshaw Street, Hoxton","Regent's Row , Haggerston",386,False
"South Kensington Station, South Kensington","Harcourt Terrace, West Brompton",386,False
"Queen Street 1, Bank","Waterloo Station 1, Waterloo",386,False
"Falkirk Street, Hoxton","Wenlock Road , Hoxton",386,False
"Alderney Street, Pimlico","Vincent Street, Pimlico",386,False
"Flood Street, Chelsea","Falcon Road, Clapham Junction",385,False
"Hortensia Road, West Brompton","Penywern Road, Earl's Court",385,False
"Hyde Park Corner, Hyde Park","Little Argyll Street, West End",385,False
"Malet Street, Bloomsbury","Russell Square Station, Bloomsbury",385,False
"Tachbrook Street, Victoria","Regency Street, Westminster",385,False
"Abbey Orchard Street, Westminster","Belgrove Street , King's Cross",385,False
"Wenlock Road , Hoxton","Bath Street, St. Luke's",385,False
"Gloucester Road Station, South Kensington","Gloucester Road (North), Kensington",385,False
"Watney Street, Shadwell","Leman Street, Aldgate",385,False
"Devonshire Terrace, Bayswater","Turquoise Island, Notting Hill",385,False
"Bourne Street, Belgravia","Bourne Street, Belgravia",385,True
"Strata, Elephant & Castle","Rodney Road , Walworth",385,False
"Lollard Street, Vauxhall","Strata, Elephant & Castle",385,False
"Shoreditch High Street, Shoreditch","Haggerston Road, Haggerston",384,False
"Guildhouse Street, Victoria","Alderney Street, Pimlico",384,False
"Ada Street, Hackney Central","York Hall, Bethnal Green",384,False
"Seville Street, Knightsbridge","Hyde Park Corner, Hyde Park",384,False
"Sidney Road, Stockwell","Sidney Road, Stockwell",384,True
"Sedding Street, Sloane Square","Phene Street, Chelsea",384,False
"Baylis Road, Waterloo","Lambeth Road, Vauxhall",384,False
"Wellington Arch, Hyde Park","Lambeth Palace Road, Waterloo",384,False
"Coomer Place, West Kensington","Kensington Church Street, Kensington",384,False
"Natural History Museum, South Kensington","Harcourt Terrace, West Brompton",384,False
"Penywern Road, Earl's Court","Halford Road, West Kensington",384,False
"Curlew Street, Shad Thames","Wormwood Street, Liverpool Street",384,False
"Bramham Gardens, Earl's Court","Derry Street, Kensington",383,False
"St. John's Park, Cubitt Town","Upper Bank Street, Canary Wharf",383,False
"Bolsover Street, Fitzrovia","Albany Street, The Regent's Park",383,False
"Queen's Gate, Kensington Gardens","Storey's Gate, Westminster",383,False
"Clapham Common Station, Clapham Common","Dorothy Road, Clapham Junction",383,False
"Southerton Road, Hammersmith","BBC White City, White City",383,False
"Penywern Road, Earl's Court","World's End Place, West Chelsea",383,False
"Wellington Arch, Hyde Park","Queensway, Kensington Gardens",383,False
"Harrington Square 1, Camden Town","Warren Street Station, Euston",382,False
"Wandsworth Town Station, Wandsworth","Grant Road East, Clapham Junction",382,False
"Hinde Street, Marylebone","Hinde Street, Marylebone",382,True
"Tanner Street, Bermondsey","Duke Street Hill, London Bridge",382,False
"Stratford Station, Stratford","Bow Church Station, Bow",382,False
"Wellington Street , Strand","Waterloo Station 1, Waterloo",382,False
"Tate Modern, Bankside","Hop Exchange, The Borough",382,False
"Alpha Grove, Millwall","Jubilee Plaza, Canary Wharf",382,False
"Endsleigh Gardens, Euston","Cheapside, Bank",382,False
"Granby Street, Shoreditch","London Fields, Hackney Central",381,False
"Eccleston Place, Victoria","South Wharf Road, Paddington",381,False
"Good's Way, King's Cross","Doric Way , Somers Town",381,False
"LMU Commercial Road, Whitechapel","Royal London Hospital, Whitechapel",381,False
"Goldsmith's Row, Haggerston","Ansell House, Stepney",381,False
"Wandsworth Town Station, Wandsworth","Ram Street, Wandsworth",381,False
"British Museum, Bloomsbury","British Museum, Bloomsbury",381,True
"Cheapside, Bank","Moorfields, Moorgate",381,False
"Columbia Road, Shoreditch","Regent's Row , Haggerston",381,False
"Ravenscourt Park Station, Hammersmith","Bridge Avenue, Hammersmith",381,False
"Imperial College, Knightsbridge","Queensway, Kensington Gardens",381,False
"Burdett Road, Mile End","Selby Street, Whitechapel",381,False
"Westbridge Road, Battersea","Gas Holders, Battersea Park",381,False
"Empire Square, The Borough","Empire Square, The Borough",381,True
"Abyssinia Close, Clapham Junction","Clapham Common Station, Clapham Common",380,False
"Tysoe Street, Clerkenwell","Tysoe Street, Clerkenwell",380,True
"Great Tower Street, Monument","Duke Street Hill, London Bridge",380,False
"Sloane Avenue, Knightsbridge","South Kensington Station, South Kensington",380,False
"St. George's Square, Pimlico","St. James's Square, St. James's",380,False
"Blackfriars Road, Southwark","Blackfriars Road, Southwark",380,True
"Macclesfield Rd, St Lukes","Old Street Station, St. Luke's",380,False
"Storey's Gate, Westminster","Tower Gardens , Tower",380,False
"Shoreditch Park, Hoxton","Christopher Street, Liverpool Street",380,False
"Walmer Road, Avondale","Lansdowne Road, Ladbroke Grove",380,False
"Lansdowne Road, Ladbroke Grove","St. Mark's Road, North Kensington",380,False
"Eastbourne Mews, Paddington","Eastbourne Mews, Paddington",380,True
"Pancras Road, King's Cross","Greenland Road, Camden Town",380,False
"Rampayne Street, Pimlico","Rampayne Street, Pimlico",379,True
"Riverlight North, Nine Elms","Gas Holders, Battersea Park",379,False
"Rotherhithe Roundabout, Rotherhithe","Canada Water Station, Rotherhithe",379,False
"Old Street Station, St. Luke's","Murray Grove , Hoxton",379,False
"Collingham Gardens, Earl's Court","Coomer Place, West Kensington",379,False
"Flamborough Street, Limehouse","Queen Mary's, Mile End",379,False
"Sidney Road, Stockwell","Kennington Lane Rail Bridge, Vauxhall",379,False
"Macclesfield Rd, St Lukes","Liverpool Road (N1 Centre), Angel",379,False
"Emperor's Gate, South Kensington","Emperor's Gate, South Kensington",379,True
"Black Lion Gate, Kensington Gardens","Green Park Station, Mayfair",379,False
"Warren Street Station, Euston","Greenland Road, Camden Town",379,False
"Westferry DLR, Limehouse","Jubilee Plaza, Canary Wharf",379,False
"Wren Street, Holborn","Brunswick Square, Bloomsbury",379,False
"Nevern Place, Earl's Court","Natural History Museum, South Kensington",379,False
"Lambeth Palace Road, Waterloo","Kingsway Southbound, Strand",378,False
"Bath Street, St. Luke's","Islington Green, Angel",378,False
"Reardon Street, Wapping","Reardon Street, Wapping",378,True
"Soho Square , Soho","Warren Street Station, Euston",378,False
"Southerton Road, Hammersmith","Shepherd's Bush Road North, Shepherd's Bush",378,False
"Warwick Road, Olympia","Phillimore Gardens, Kensington",378,False
"Wormwood Street, Liverpool Street","St. James's Square, St. James's",378,False
"Green Park Station, Mayfair","Black Lion Gate, Kensington Gardens",378,False
"Mile End Park Leisure Centre, Mile End","Antill Road, Mile End",378,False
"Clapham Common North Side, Clapham Common","Gauden Road, Clapham",378,False
"Gloucester Road Station, South Kensington","De Vere Gardens, Kensington",378,False
"Bayswater Road, Hyde Park","Queen's Gate, Kensington Gardens",378,False
"Drayton Gardens, West Chelsea","Sloane Avenue, Knightsbridge",378,False
"Falcon Road, Clapham Junction","Limerston Street, West Chelsea",378,False
"Bromley High Street, Bow","Bromley High Street, Bow",377,True
"St. John's Road, Clapham Junction","St. John's Road, Clapham Junction",377,True
"Stratford Station, Stratford","Lee Valley VeloPark, Queen Elizabeth Olympic Park",377,False
"Manresa Road, Chelsea","Falcon Road, Clapham Junction",377,False
"Grant Road East, Clapham Junction","Ram Street, Wandsworth",377,False
"Gaywood  Street, Elephant & Castle","Hop Exchange, The Borough",377,False
"Belgrove Street , King's Cross","Malet Street, Bloomsbury",377,False
"St. John's Road, Clapham Junction","Orbel Street, Battersea",376,False
"Vauxhall Street, Vauxhall","Strata, Elephant & Castle",376,False
"Dorset Square, Marylebone","Wellington Road, St. John's Wood",376,False
"Cleveland Way, Stepney","Rectory Square, Stepney",376,False
"Sloane Avenue, Knightsbridge","Bramham Gardens, Earl's Court",376,False
"Cleveland Way, Stepney","Mile End Park Leisure Centre, Mile End",376,False
"Storey's Gate, Westminster","Bayswater Road, Hyde Park",376,False
"Shadwell Station, Shadwell","Shadwell Station, Shadwell",376,True
"Eel Brook Common, Walham Green","Fulham Broadway, Walham Green",376,False
"Westminster Pier, Westminster","Pall Mall East, West End",376,False
"Westbourne Park Road, Portobello","Notting Hill Gate Station, Notting Hill",376,False
"Fulham Park Road, Fulham","Westfield Ariel Way, White City",376,False
"Bermondsey Street, Bermondsey","Queen Street 1, Bank",375,False
"Battersea Power Station, Battersea Park","Falcon Road, Clapham Junction",375,False
"Hoxton Station, Hoxton","Regent's Row , Haggerston",375,False
"Curlew Street, Shad Thames","Tower Gardens , Tower",375,False
"Gas Holders, Battersea Park","Stanley Grove, Battersea",375,False
"St. James's Square, St. James's","Warwick Row, Westminster",375,False
"Regent's Row , Haggerston","Hoxton Station, Hoxton",375,False
"Westbourne Grove, Bayswater","Westbourne Grove, Bayswater",375,True
"Belgrave Road, Victoria","Page Street, Westminster",375,False
"Queen's Gate (North), Kensington","Black Lion Gate, Kensington Gardens",375,False
"Abingdon Green, Westminster","Abingdon Green, Westminster",375,True
"Tooley Street, Bermondsey","Nesham Street, Wapping",375,False
"Triangle Car Park, Hyde Park","Exhibition Road, Knightsbridge",375,False
"London Fields, Hackney Central","York Hall, Bethnal Green",375,False
"Stainsby Road , Poplar","Import Dock, Canary Wharf",374,False
"Belgrave Road, Victoria","Belgrave Road, Victoria",374,True
"Good's Way, King's Cross","Islington Green, Angel",374,False
"Elizabeth Bridge, Victoria","Elizabeth Bridge, Victoria",374,True
"Duke Street Hill, London Bridge","Rotherhithe Roundabout, Rotherhithe",374,False
"Embankment (Savoy), Strand","Embankment (Savoy), Strand",374,True
"Philpot Street, Whitechapel","Philpot Street, Whitechapel",374,True
"Pritchard's Road, Bethnal Green","Regent's Row , Haggerston",374,False
"Queen Street 2, Bank","Tower Gardens , Tower",374,False
"York Way, Kings Cross","York Way, Kings Cross",374,True
"De Vere Gardens, Kensington","Palace Gate, Kensington Gardens",374,False
"Bevington Road West, North Kensington","South Wharf Road, Paddington",373,False
"Warwick Row, Westminster","Craven Street, Strand",373,False
"Grant Road East, Clapham Junction","Smugglers Way, Wandsworth",373,False
"Green Park Station, Mayfair","Triangle Car Park, Hyde Park",373,False
"Handyside Street, King's Cross","Belgrove Street , King's Cross",373,False
"Imperial College, Knightsbridge","Derry Street, Kensington",373,False
"Islington Green, Angel","Bath Street, St. Luke's",373,False
"Exhibition Road, Knightsbridge","Eastbourne Mews, Paddington",373,False
"Wellington Arch, Hyde Park","Waterloo Place, St. James's",373,False
"Battersea Church Road, Battersea","Battersea Church Road, Battersea",373,True
"Albert Square, Stockwell","Ferndale Road, Brixton",373,False
"Albert Gate, Hyde Park","Craven Street, Strand",373,False
"North Audley Street, Mayfair","North Audley Street, Mayfair",373,True
"St. James's Square, St. James's","Allington Street, Victoria",373,False
"Upcerne Road, West Chelsea","Fulham Broadway, Walham Green",373,False
"Saunders Ness Road, Cubitt Town","Sutton Street, Shadwell",373,False
"Rathbone Street, Fitzrovia","Whitehall Place, Strand",373,False
"Bramham Gardens, Earl's Court","Sloane Avenue, Knightsbridge",373,False
"Abbey Orchard Street, Westminster","Abbey Orchard Street, Westminster",373,True
"Lansdowne Drive, Hackney Central","Haggerston Road, Haggerston",372,False
"Blenheim Crescent, Ladbroke Grove","Blenheim Crescent, Ladbroke Grove",372,True
"Pitfield Street North,Hoxton","Hoxton Station, Hoxton",372,False
"Waterloo Station 1, Waterloo","Tooley Street, Bermondsey",372,False
"Bricklayers Arms, Borough","Milroy Walk, South Bank",372,False
"Spindrift Avenue, Millwall","Spindrift Avenue, Millwall",372,True
"St. John's Wood Road, St. John's Wood","Park Road (Baker Street), The Regent's Park",372,False
"Pritchard's Road, Bethnal Green","Dunston Road , Haggerston",372,False
"Wormwood Street, Liverpool Street","Bethnal Green Road, Shoreditch",372,False
"St. George's Square, Pimlico","Howick Place, Westminster",372,False
"Hop Exchange, The Borough","Wellington Street , Strand",372,False
"Import Dock, Canary Wharf","Dock Street, Wapping",371,False
"Strata, Elephant & Castle","Kennington Road Post Office, Oval",371,False
"Ram Street, Wandsworth","Nantes Close, Wandsworth",371,False
"Natural History Museum, South Kensington","West Kensington Station, West Kensington",371,False
"Old Montague Street, Whitechapel","Old Montague Street, Whitechapel",371,True
"Usk Road, Clapham Junction","Usk Road, Clapham Junction",371,True
"Woodstock Grove, Shepherd's Bush","Warwick Road, Olympia",371,False
"Collingham Gardens, Earl's Court","Collingham Gardens, Earl's Court",371,True
"Waterloo Station 1, Waterloo","Duke Street Hill, London Bridge",371,False
"Trebovir Road, Earl's Court","Warwick Road, Olympia",371,False
"Queensway, Kensington Gardens","Bayswater Road, Hyde Park",371,False
"St. James's Square, St. James's","Bramham Gardens, Earl's Court",371,False
"Shoreditch High Street, Shoreditch","Old Montague Street, Whitechapel",371,False
"Great Dover Street, The Borough","Bricklayers Arms, Borough",371,False
"Belgrove Street , King's Cross","St Mary's Hospital, Paddington",371,False
"Sloane Avenue, Knightsbridge","Derry Street, Kensington",371,False
"Bow Road Station, Bow","Mile End Park Leisure Centre, Mile End",370,False
"Knightsbridge, Hyde Park","Triangle Car Park, Hyde Park",370,False
"Ashley Crescent, Battersea","Queen's Circus, Battersea Park",370,False
"Globe Town Market, Bethnal Green","Globe Town Market, Bethnal Green",370,True
"Maplin Street, Mile End","Cantrell Road, Bow",370,False
"Wright's Lane, Kensington","Marloes Road, Kensington",370,False
"Gloucester Road Station, South Kensington","Penywern Road, Earl's Court",370,False
"Hyde Park Corner, Hyde Park","Northumberland Avenue, Strand",370,False
"Queen Mary's, Mile End","Stepney Green Station, Stepney",370,False
"Lexham Gardens, Kensington","Exhibition Road, Knightsbridge",370,False
"Islington Green, Angel","Haggerston Road, Haggerston",369,False
"Penywern Road, Earl's Court","Harcourt Terrace, West Brompton",369,False
"Cephas Street, Bethnal Green","Cleveland Way, Stepney",369,False
"BBC White City, White City","BBC White City, White City",369,True
"Hyde Park Corner, Hyde Park","Kensington Church Street, Kensington",369,False
"Stepney Green Station, Stepney","Globe Town Market, Bethnal Green",369,False
"Queensbridge Road, Haggerston","Hoxton Station, Hoxton",369,False
"Elizabeth Bridge, Victoria","Battersea Power Station, Battersea Park",369,False
"Copper Box Arena, Queen Elizabeth Olympic Park","Podium, Queen Elizabeth Olympic Park",369,False
"Bermondsey Station, Bermondsey","Canada Water Station, Rotherhithe",368,False
"Finlay Street, Fulham","Fulham Broadway, Walham Green",368,False
"Baylis Road, Waterloo","Vauxhall Walk, Vauxhall",368,False
"Salmon Lane, Limehouse","Jubilee Plaza, Canary Wharf",368,False
"Ansell House, Stepney","Ansell House, Stepney",368,True
"Wellington Road, St. John's Wood","St. John's Wood Road, St. John's Wood",368,False
"Bethnal Green Road, Shoreditch","Cheshire Street, Bethnal Green",368,False
"Montpelier Street, Knightsbridge","Montpelier Street, Knightsbridge",368,True
"Regent's Row , Haggerston","Monier Road, Hackney Wick",368,False
"Finnis Street, Bethnal Green","Bethnal Green Road, Shoreditch",367,False
"Royal London Hospital, Whitechapel","Durant Street, Bethnal Green",367,False
"Leonard Circus , Shoreditch","Regent's Row , Haggerston",367,False
"Vincent Street, Pimlico","St. George's Square, Pimlico",367,False
"Gloucester Road (Central), South Kensington","Gloucester Road (Central), South Kensington",367,True
"Battersea Power Station, Battersea Park","Riverlight South, Nine Elms",367,False
"Howland Street, Fitzrovia","Howland Street, Fitzrovia",367,True
"Macclesfield Rd, St Lukes","Aldersgate Street, Barbican",367,False
"Wormwood Street, Liverpool Street","Westminster Pier, Westminster",367,False
"Hatton Garden, Holborn","Waterloo Station 1, Waterloo",366,False
"Import Dock, Canary Wharf","Stainsby Road , Poplar",366,False
"Waterloo Station 2, Waterloo","The Guildhall, Guildhall",366,False
"Murray Grove , Hoxton","Bethnal Green Road, Shoreditch",366,False
"Waterloo Station 1, Waterloo","Braham Street, Aldgate",366,False
"Ashley Place, Victoria","Vincent Street, Pimlico",366,False
"Binfield Road, Stockwell","Ferndale Road, Brixton",366,False
"Lambeth North Station, Waterloo","Lollard Street, Vauxhall",366,False
"Granby Street, Shoreditch","Granby Street, Shoreditch",366,True
"Twig Folly Bridge, Mile End","Bethnal Green Road, Shoreditch",366,False
"Burdett Road, Mile End","Cleveland Way, Stepney",366,False
"Regent's Row , Haggerston","Brick Lane Market, Shoreditch",366,False
"Queen Street 2, Bank","Wellington Arch, Hyde Park",366,False
"Queen Street 2, Bank","Somerset House, Strand",365,False
"Houndsditch, Aldgate","Waterloo Station 1, Waterloo",365,False
"Webber Street , Southwark","Webber Street , Southwark",365,True
"Moorfields, Moorgate","Cheapside, Bank",365,False
"Park Road (Baker Street), The Regent's Park","Albany Street, The Regent's Park",365,False
"Waterloo Station 1, Waterloo","Farringdon Street, Holborn",365,False
"Crisp Road, Hammersmith","Humbolt Road, Fulham",365,False
"Wapping Lane, Wapping","Wapping High Street, Wapping",365,False
"Borough Road, Elephant & Castle","Baylis Road, Waterloo",365,False
"Clinton Road, Mile End","Twig Folly Bridge, Mile End",364,False
"Duke Street Hill, London Bridge","Cheapside, Bank",364,False
"Tower Gardens , Tower","Waterloo Station 3, Waterloo",364,False
"Albert Bridge Road, Battersea Park","Gas Holders, Battersea Park",364,False
"Chapel Place, Marylebone","Belgrove Street , King's Cross",364,False
"Tower Gardens , Tower","Wellington Arch, Hyde Park",364,False
"Brushfield Street, Liverpool Street","Columbia Road, Shoreditch",364,False
"Bayswater Road, Hyde Park","Little Argyll Street, West End",364,False
"Riverlight South, Nine Elms","Gas Holders, Battersea Park",364,False
"Jubilee Gardens, South Bank","Tower Gardens , Tower",364,False
"Gascoyne Road, Victoria Park","London Fields, Hackney Central",364,False
"Erin Close, Walham Green","Finlay Street, Fulham",364,False
"Hoxton Street, Hoxton","Pitfield Street North,Hoxton",363,False
"Bayley Street , Bloomsbury","Russell Square Station, Bloomsbury",363,False
"Columbia Road, Shoreditch","Columbia Road, Shoreditch",363,True
"Derry Street, Kensington","Queen's Gate (Central), South Kensington",363,False
"Queen Street 1, Bank","Waterloo Station 2, Waterloo",363,False
"Islington Green, Angel","Pritchard's Road, Bethnal Green",363,False
