datum,uur,ritten
2022-01-01,0,1467
2022-01-01,1,1526
2022-01-01,2,1083
2022-01-01,3,692
2022-01-01,4,446
2022-01-01,5,320
2022-01-01,6,213
2022-01-01,7,192
2022-01-01,8,243
2022-01-01,9,363
2022-01-01,10,655
2022-01-01,11,1058
2022-01-01,12,1411
2022-01-01,13,1703
2022-01-01,14,1754
2022-01-01,15,1944
2022-01-01,16,1543
2022-01-01,17,1254
2022-01-01,18,1018
2022-01-01,19,835
2022-01-01,20,856
2022-01-01,21,726
2022-01-01,22,617
2022-01-01,23,545
2022-01-02,0,351
2022-01-02,1,216
2022-01-02,2,162
2022-01-02,3,73
2022-01-02,4,60
2022-01-02,5,37
2022-01-02,6,92
2022-01-02,7,127
2022-01-02,8,249
2022-01-02,9,511
2022-01-02,10,979
2022-01-02,11,1332
2022-01-02,12,1619
2022-01-02,13,1463
2022-01-02,14,1466
2022-01-02,15,1264
2022-01-02,16,1221
2022-01-02,17,1061
2022-01-02,18,1016
2022-01-02,19,919
2022-01-02,20,732
2022-01-02,21,562
2022-01-02,22,565
2022-01-02,23,397
2022-01-03,0,277
2022-01-03,1,197
2022-01-03,2,97
2022-01-03,3,52
2022-01-03,4,35
2022-01-03,5,67
2022-01-03,6,144
2022-01-03,7,223
2022-01-03,8,374
2022-01-03,9,671
2022-01-03,10,1001
2022-01-03,11,1391
2022-01-03,12,1662
2022-01-03,13,1803
2022-01-03,14,1977
2022-01-03,15,1929
2022-01-03,16,1651
2022-01-03,17,1376
2022-01-03,18,1133
2022-01-03,19,855
2022-01-03,20,613
2022-01-03,21,480
2022-01-03,22,529
2022-01-03,23,290
2022-01-04,0,175
2022-01-04,1,127
2022-01-04,2,76
2022-01-04,3,55
2022-01-04,4,63
2022-01-04,5,121
2022-01-04,6,494
2022-01-04,7,1035
2022-01-04,8,1370
2022-01-04,9,631
2022-01-04,10,291
2022-01-04,11,299
2022-01-04,12,562
2022-01-04,13,705
2022-01-04,14,809
2022-01-04,15,1011
2022-01-04,16,1241
2022-01-04,17,1654
2022-01-04,18,1643
2022-01-04,19,1109
2022-01-04,20,651
2022-01-04,21,477
2022-01-04,22,360
2022-01-04,23,157
2022-01-05,0,104
2022-01-05,1,63
2022-01-05,2,38
2022-01-05,3,32
2022-01-05,4,35
2022-01-05,5,103
2022-01-05,6,512
2022-01-05,7,1119
2022-01-05,8,1781
2022-01-05,9,1045
2022-01-05,10,769
2022-01-05,11,890
2022-01-05,12,1079
2022-01-05,13,1207
2022-01-05,14,1200
2022-01-05,15,1328
2022-01-05,16,1449
2022-01-05,17,1977
2022-01-05,18,1982
2022-01-05,19,1314
2022-01-05,20,762
2022-01-05,21,672
2022-01-05,22,545
2022-01-05,23,245
2022-01-06,0,131
2022-01-06,1,92
2022-01-06,2,45
2022-01-06,3,43
2022-01-06,4,39
2022-01-06,5,105
2022-01-06,6,478
2022-01-06,7,1176
2022-01-06,8,1717
2022-01-06,9,1042
2022-01-06,10,805
2022-01-06,11,833
2022-01-06,12,976
2022-01-06,13,1007
2022-01-06,14,936
2022-01-06,15,1039
2022-01-06,16,1110
2022-01-06,17,1623
2022-01-06,18,1626
2022-01-06,19,1194
2022-01-06,20,643
2022-01-06,21,479
2022-01-06,22,384
2022-01-06,23,274
2022-01-07,0,171
2022-01-07,1,67
2022-01-07,2,49
2022-01-07,3,29
2022-01-07,4,44
2022-01-07,5,94
2022-01-07,6,471
2022-01-07,7,1056
2022-01-07,8,1533
2022-01-07,9,1124
2022-01-07,10,895
2022-01-07,11,895
2022-01-07,12,1172
2022-01-07,13,1151
2022-01-07,14,1084
2022-01-07,15,1259
2022-01-07,16,1352
2022-01-07,17,1805
2022-01-07,18,1792
2022-01-07,19,1222
2022-01-07,20,842
2022-01-07,21,540
2022-01-07,22,495
2022-01-07,23,445
2022-01-08,0,310
2022-01-08,1,246
2022-01-08,2,157
2022-01-08,3,99
2022-01-08,4,76
2022-01-08,5,56
2022-01-08,6,156
2022-01-08,7,235
2022-01-08,8,501
2022-01-08,9,642
2022-01-08,10,728
2022-01-08,11,574
2022-01-08,12,533
2022-01-08,13,670
2022-01-08,14,729
2022-01-08,15,983
2022-01-08,16,743
2022-01-08,17,856
2022-01-08,18,895
2022-01-08,19,881
2022-01-08,20,688
2022-01-08,21,467
2022-01-08,22,448
2022-01-08,23,388
2022-01-09,0,344
2022-01-09,1,246
2022-01-09,2,185
2022-01-09,3,116
2022-01-09,4,72
2022-01-09,5,65
2022-01-09,6,115
2022-01-09,7,187
2022-01-09,8,382
2022-01-09,9,808
2022-01-09,10,1318
2022-01-09,11,1822
2022-01-09,12,2295
2022-01-09,13,2391
2022-01-09,14,2378
2022-01-09,15,2159
2022-01-09,16,1979
2022-01-09,17,1292
2022-01-09,18,1051
2022-01-09,19,833
2022-01-09,20,545
2022-01-09,21,477
2022-01-09,22,338
2022-01-09,23,239
2022-01-10,0,131
2022-01-10,1,88
2022-01-10,2,47
2022-01-10,3,33
2022-01-10,4,54
2022-01-10,5,124
2022-01-10,6,609
2022-01-10,7,1402
2022-01-10,8,2200
2022-01-10,9,1280
2022-01-10,10,851
2022-01-10,11,815
2022-01-10,12,1015
2022-01-10,13,1153
2022-01-10,14,1033
2022-01-10,15,1167
2022-01-10,16,1413
2022-01-10,17,2121
2022-01-10,18,2308
2022-01-10,19,1698
2022-01-10,20,935
2022-01-10,21,648
2022-01-10,22,511
2022-01-10,23,284
2022-01-11,0,145
2022-01-11,1,55
2022-01-11,2,53
2022-01-11,3,40
2022-01-11,4,46
2022-01-11,5,136
2022-01-11,6,653
2022-01-11,7,1574
2022-01-11,8,2528
2022-01-11,9,1469
2022-01-11,10,897
2022-01-11,11,859
2022-01-11,12,1001
2022-01-11,13,970
2022-01-11,14,757
2022-01-11,15,799
2022-01-11,16,1143
2022-01-11,17,1926
2022-01-11,18,2129
2022-01-11,19,1457
2022-01-11,20,895
2022-01-11,21,723
2022-01-11,22,597
2022-01-11,23,231
2022-01-12,0,168
2022-01-12,1,85
2022-01-12,2,51
2022-01-12,3,37
2022-01-12,4,47
2022-01-12,5,143
2022-01-12,6,662
2022-01-12,7,1596
2022-01-12,8,2632
2022-01-12,9,1446
2022-01-12,10,945
2022-01-12,11,1043
2022-01-12,12,1342
2022-01-12,13,1331
2022-01-12,14,1301
2022-01-12,15,1439
2022-01-12,16,1687
2022-01-12,17,2456
2022-01-12,18,2652
2022-01-12,19,1857
2022-01-12,20,1085
2022-01-12,21,794
2022-01-12,22,733
2022-01-12,23,427
2022-01-13,0,208
2022-01-13,1,106
2022-01-13,2,69
2022-01-13,3,71
2022-01-13,4,71
2022-01-13,5,120
2022-01-13,6,613
2022-01-13,7,1563
2022-01-13,8,2707
2022-01-13,9,1551
2022-01-13,10,988
2022-01-13,11,1028
2022-01-13,12,1335
2022-01-13,13,1325
2022-01-13,14,1274
2022-01-13,15,1521
2022-01-13,16,1731
2022-01-13,17,2396
2022-01-13,18,2523
2022-01-13,19,1780
2022-01-13,20,1149
2022-01-13,21,870
2022-01-13,22,693
2022-01-13,23,489
2022-01-14,0,242
2022-01-14,1,161
2022-01-14,2,96
2022-01-14,3,60
2022-01-14,4,44
2022-01-14,5,127
2022-01-14,6,518
2022-01-14,7,1323
2022-01-14,8,2073
2022-01-14,9,1436
2022-01-14,10,1036
2022-01-14,11,1133
2022-01-14,12,1363
2022-01-14,13,1614
2022-01-14,14,1406
2022-01-14,15,1654
2022-01-14,16,1769
2022-01-14,17,2348
2022-01-14,18,2356
2022-01-14,19,1759
2022-01-14,20,1086
2022-01-14,21,864
2022-01-14,22,720
2022-01-14,23,668
2022-01-15,0,545
2022-01-15,1,420
2022-01-15,2,233
2022-01-15,3,165
2022-01-15,4,100
2022-01-15,5,87
2022-01-15,6,155
2022-01-15,7,314
2022-01-15,8,656
2022-01-15,9,1107
2022-01-15,10,1533
2022-01-15,11,1941
2022-01-15,12,2195
2022-01-15,13,2145
2022-01-15,14,2250
2022-01-15,15,2197
2022-01-15,16,1941
2022-01-15,17,1820
2022-01-15,18,1644
2022-01-15,19,1329
2022-01-15,20,1048
2022-01-15,21,813
2022-01-15,22,748
2022-01-15,23,730
2022-01-16,0,672
2022-01-16,1,533
2022-01-16,2,427
2022-01-16,3,200
2022-01-16,4,105
2022-01-16,5,65
2022-01-16,6,112
2022-01-16,7,193
2022-01-16,8,399
2022-01-16,9,883
2022-01-16,10,1403
2022-01-16,11,1715
2022-01-16,12,2119
2022-01-16,13,2376
2022-01-16,14,2362
2022-01-16,15,2435
2022-01-16,16,2171
2022-01-16,17,1607
2022-01-16,18,1357
2022-01-16,19,874
2022-01-16,20,724
2022-01-16,21,521
2022-01-16,22,415
2022-01-16,23,270
2022-01-17,0,167
2022-01-17,1,92
2022-01-17,2,44
2022-01-17,3,33
2022-01-17,4,45
2022-01-17,5,130
2022-01-17,6,582
2022-01-17,7,1544
2022-01-17,8,2603
2022-01-17,9,1452
2022-01-17,10,954
2022-01-17,11,974
2022-01-17,12,1299
2022-01-17,13,1298
2022-01-17,14,1313
2022-01-17,15,1434
2022-01-17,16,1807
2022-01-17,17,2508
2022-01-17,18,2678
2022-01-17,19,1739
2022-01-17,20,1154
2022-01-17,21,796
2022-01-17,22,524
2022-01-17,23,279
2022-01-18,0,152
2022-01-18,1,60
2022-01-18,2,41
2022-01-18,3,39
2022-01-18,4,47
2022-01-18,5,147
2022-01-18,6,673
2022-01-18,7,1729
2022-01-18,8,2888
2022-01-18,9,1580
2022-01-18,10,1015
2022-01-18,11,970
2022-01-18,12,1217
2022-01-18,13,1239
2022-01-18,14,1144
2022-01-18,15,1386
2022-01-18,16,1793
2022-01-18,17,2647
2022-01-18,18,2844
2022-01-18,19,1987
2022-01-18,20,1213
2022-01-18,21,841
2022-01-18,22,700
2022-01-18,23,310
2022-01-19,0,181
2022-01-19,1,109
2022-01-19,2,42
2022-01-19,3,44
2022-01-19,4,66
2022-01-19,5,157
2022-01-19,6,691
2022-01-19,7,1771
2022-01-19,8,2997
2022-01-19,9,1637
2022-01-19,10,1081
2022-01-19,11,1055
2022-01-19,12,1331
2022-01-19,13,1171
2022-01-19,14,1238
2022-01-19,15,1325
2022-01-19,16,1649
2022-01-19,17,2628
2022-01-19,18,2858
2022-01-19,19,1931
2022-01-19,20,1184
2022-01-19,21,933
2022-01-19,22,804
2022-01-19,23,474
2022-01-20,0,203
2022-01-20,1,111
2022-01-20,2,81
2022-01-20,3,37
2022-01-20,4,56
2022-01-20,5,124
2022-01-20,6,690
2022-01-20,7,1669
2022-01-20,8,3021
2022-01-20,9,1634
2022-01-20,10,1111
2022-01-20,11,1100
2022-01-20,12,1355
2022-01-20,13,1396
2022-01-20,14,1206
2022-01-20,15,1222
2022-01-20,16,1594
2022-01-20,17,2466
2022-01-20,18,2681
2022-01-20,19,1853
2022-01-20,20,1162
2022-01-20,21,813
2022-01-20,22,829
2022-01-20,23,572
2022-01-21,0,45
2022-01-21,1,19
2022-01-21,2,7
2022-01-21,3,65
2022-01-21,4,70
2022-01-21,5,138
2022-01-21,6,563
2022-01-21,7,1376
2022-01-21,8,2258
2022-01-21,9,1484
2022-01-21,10,1078
2022-01-21,11,1119
2022-01-21,12,1306
2022-01-21,13,1316
2022-01-21,14,1260
2022-01-21,15,1376
2022-01-21,16,1684
2022-01-21,17,2249
2022-01-21,18,2291
2022-01-21,19,1761
2022-01-21,20,1201
2022-01-21,21,811
2022-01-21,22,782
2022-01-21,23,741
2022-01-22,0,599
2022-01-22,1,437
2022-01-22,2,291
2022-01-22,3,205
2022-01-22,4,165
2022-01-22,5,83
2022-01-22,6,181
2022-01-22,7,311
2022-01-22,8,698
2022-01-22,9,1213
2022-01-22,10,1673
2022-01-22,11,1997
2022-01-22,12,2345
2022-01-22,13,2409
2022-01-22,14,2369
2022-01-22,15,2325
2022-01-22,16,2179
2022-01-22,17,1766
2022-01-22,18,1713
2022-01-22,19,1336
2022-01-22,20,1028
2022-01-22,21,829
2022-01-22,22,862
2022-01-22,23,722
2022-01-23,0,720
2022-01-23,1,613
2022-01-23,2,413
2022-01-23,3,253
2022-01-23,4,146
2022-01-23,5,87
2022-01-23,6,140
2022-01-23,7,192
2022-01-23,8,430
2022-01-23,9,922
2022-01-23,10,1314
2022-01-23,11,1781
2022-01-23,12,2122
2022-01-23,13,2203
2022-01-23,14,2200
2022-01-23,15,2163
2022-01-23,16,1980
2022-01-23,17,1568
2022-01-23,18,1338
2022-01-23,19,1001
2022-01-23,20,714
2022-01-23,21,500
2022-01-23,22,436
2022-01-23,23,293
2022-01-24,0,147
2022-01-24,1,89
2022-01-24,2,56
2022-01-24,3,32
2022-01-24,4,42
2022-01-24,5,140
2022-01-24,6,657
2022-01-24,7,1593
2022-01-24,8,2814
2022-01-24,9,1489
2022-01-24,10,933
2022-01-24,11,869
2022-01-24,12,1111
2022-01-24,13,1140
2022-01-24,14,1123
2022-01-24,15,1215
2022-01-24,16,1625
2022-01-24,17,2452
2022-01-24,18,2616
2022-01-24,19,1869
2022-01-24,20,1183
2022-01-24,21,834
2022-01-24,22,536
2022-01-24,23,330
2022-01-25,0,193
2022-01-25,1,107
2022-01-25,2,65
2022-01-25,3,68
2022-01-25,4,70
2022-01-25,5,165
2022-01-25,6,750
2022-01-25,7,1871
2022-01-25,8,3201
2022-01-25,9,1734
2022-01-25,10,1036
2022-01-25,11,947
2022-01-25,12,1153
2022-01-25,13,1192
2022-01-25,14,1096
2022-01-25,15,1172
2022-01-25,16,1556
2022-01-25,17,2633
2022-01-25,18,2896
2022-01-25,19,1929
2022-01-25,20,1224
2022-01-25,21,832
2022-01-25,22,681
2022-01-25,23,316
2022-01-26,0,175
2022-01-26,1,110
2022-01-26,2,53
2022-01-26,3,36
2022-01-26,4,60
2022-01-26,5,164
2022-01-26,6,722
2022-01-26,7,1836
2022-01-26,8,3195
2022-01-26,9,1806
2022-01-26,10,1083
2022-01-26,11,1071
2022-01-26,12,1278
2022-01-26,13,1326
2022-01-26,14,1314
2022-01-26,15,1461
2022-01-26,16,1735
2022-01-26,17,2726
2022-01-26,18,3032
2022-01-26,19,2049
2022-01-26,20,1293
2022-01-26,21,1011
2022-01-26,22,818
2022-01-26,23,487
2022-01-27,0,244
2022-01-27,1,162
2022-01-27,2,108
2022-01-27,3,74
2022-01-27,4,59
2022-01-27,5,153
2022-01-27,6,700
2022-01-27,7,1805
2022-01-27,8,3317
2022-01-27,9,1811
2022-01-27,10,1113
2022-01-27,11,1079
2022-01-27,12,1243
2022-01-27,13,1229
2022-01-27,14,1220
2022-01-27,15,1450
2022-01-27,16,1926
2022-01-27,17,2751
2022-01-27,18,3058
2022-01-27,19,2056
2022-01-27,20,1378
2022-01-27,21,985
2022-01-27,22,937
2022-01-27,23,631
2022-01-28,0,352
2022-01-28,1,199
2022-01-28,2,124
2022-01-28,3,78
2022-01-28,4,73
2022-01-28,5,154
2022-01-28,6,604
2022-01-28,7,1457
2022-01-28,8,2532
2022-01-28,9,1605
2022-01-28,10,1154
2022-01-28,11,1202
2022-01-28,12,1559
2022-01-28,13,1519
2022-01-28,14,1430
2022-01-28,15,1559
2022-01-28,16,1887
2022-01-28,17,2535
2022-01-28,18,2517
2022-01-28,19,1792
2022-01-28,20,1263
2022-01-28,21,864
2022-01-28,22,747
2022-01-28,23,751
2022-01-29,0,645
2022-01-29,1,582
2022-01-29,2,348
2022-01-29,3,286
2022-01-29,4,166
2022-01-29,5,109
2022-01-29,6,172
2022-01-29,7,346
2022-01-29,8,747
2022-01-29,9,1281
2022-01-29,10,1854
2022-01-29,11,2170
2022-01-29,12,2657
2022-01-29,13,2817
2022-01-29,14,2682
2022-01-29,15,2883
2022-01-29,16,2561
2022-01-29,17,2298
2022-01-29,18,1987
2022-01-29,19,1529
2022-01-29,20,1087
2022-01-29,21,951
2022-01-29,22,832
2022-01-29,23,779
2022-01-30,0,673
2022-01-30,1,537
2022-01-30,2,376
2022-01-30,3,301
2022-01-30,4,157
2022-01-30,5,101
2022-01-30,6,148
2022-01-30,7,236
2022-01-30,8,503
2022-01-30,9,999
2022-01-30,10,1686
2022-01-30,11,2301
2022-01-30,12,2750
2022-01-30,13,2776
2022-01-30,14,2724
2022-01-30,15,2699
2022-01-30,16,2274
2022-01-30,17,1738
2022-01-30,18,1317
2022-01-30,19,961
2022-01-30,20,739
2022-01-30,21,553
2022-01-30,22,415
2022-01-30,23,243
2022-01-31,0,110
2022-01-31,1,71
2022-01-31,2,55
2022-01-31,3,35
2022-01-31,4,47
2022-01-31,5,136
2022-01-31,6,630
2022-01-31,7,1620
2022-01-31,8,2948
2022-01-31,9,1643
2022-01-31,10,1032
2022-01-31,11,996
2022-01-31,12,1208
2022-01-31,13,1269
2022-01-31,14,1223
2022-01-31,15,1367
2022-01-31,16,1745
2022-01-31,17,2717
2022-01-31,18,2845
2022-01-31,19,1930
2022-01-31,20,1250
2022-01-31,21,808
2022-01-31,22,564
2022-01-31,23,364
2022-02-01,0,200
2022-02-01,1,94
2022-02-01,2,41
2022-02-01,3,50
2022-02-01,4,62
2022-02-01,5,160
2022-02-01,6,798
2022-02-01,7,1980
2022-02-01,8,3751
2022-02-01,9,1879
2022-02-01,10,1190
2022-02-01,11,1129
2022-02-01,12,1429
2022-02-01,13,1450
2022-02-01,14,1405
2022-02-01,15,1535
2022-02-01,16,1982
2022-02-01,17,3255
2022-02-01,18,3518
2022-02-01,19,2309
2022-02-01,20,1493
2022-02-01,21,1094
2022-02-01,22,846
2022-02-01,23,385
2022-02-02,0,255
2022-02-02,1,141
2022-02-02,2,70
2022-02-02,3,59
2022-02-02,4,71
2022-02-02,5,156
2022-02-02,6,791
2022-02-02,7,2045
2022-02-02,8,3867
2022-02-02,9,2079
2022-02-02,10,1221
2022-02-02,11,1222
2022-02-02,12,1463
2022-02-02,13,1428
2022-02-02,14,1370
2022-02-02,15,1464
2022-02-02,16,2000
2022-02-02,17,3246
2022-02-02,18,3403
2022-02-02,19,2329
2022-02-02,20,1453
2022-02-02,21,1107
2022-02-02,22,904
2022-02-02,23,574
2022-02-03,0,264
2022-02-03,1,185
2022-02-03,2,80
2022-02-03,3,69
2022-02-03,4,80
2022-02-03,5,170
2022-02-03,6,760
2022-02-03,7,2056
2022-02-03,8,3892
2022-02-03,9,2095
2022-02-03,10,1288
2022-02-03,11,1109
2022-02-03,12,1415
2022-02-03,13,1396
2022-02-03,14,1299
2022-02-03,15,1548
2022-02-03,16,1884
2022-02-03,17,3031
2022-02-03,18,3197
2022-02-03,19,2219
2022-02-03,20,1387
2022-02-03,21,1093
2022-02-03,22,1050
2022-02-03,23,690
2022-02-04,0,204
2022-02-04,1,18
2022-02-04,2,6
2022-02-04,3,24
2022-02-04,4,74
2022-02-04,5,153
2022-02-04,6,608
2022-02-04,7,1516
2022-02-04,8,1519
2022-02-04,9,638
2022-02-04,10,634
2022-02-04,11,894
2022-02-04,12,1274
2022-02-04,13,1411
2022-02-04,14,1366
2022-02-04,15,1583
2022-02-04,16,1915
2022-02-04,17,2486
2022-02-04,18,2455
2022-02-04,19,1810
2022-02-04,20,1163
2022-02-04,21,779
2022-02-04,22,779
2022-02-04,23,715
2022-02-05,0,585
2022-02-05,1,421
2022-02-05,2,285
2022-02-05,3,215
2022-02-05,4,130
2022-02-05,5,113
2022-02-05,6,164
2022-02-05,7,374
2022-02-05,8,690
2022-02-05,9,1257
2022-02-05,10,1785
2022-02-05,11,2250
2022-02-05,12,2565
2022-02-05,13,2865
2022-02-05,14,2397
2022-02-05,15,2440
2022-02-05,16,2398
2022-02-05,17,1836
2022-02-05,18,1556
2022-02-05,19,1377
2022-02-05,20,1090
2022-02-05,21,796
2022-02-05,22,635
2022-02-05,23,667
2022-02-06,0,512
2022-02-06,1,332
2022-02-06,2,251
2022-02-06,3,218
2022-02-06,4,142
2022-02-06,5,76
2022-02-06,6,99
2022-02-06,7,147
2022-02-06,8,205
2022-02-06,9,608
2022-02-06,10,1121
2022-02-06,11,1552
2022-02-06,12,1931
2022-02-06,13,1980
2022-02-06,14,2022
2022-02-06,15,2010
2022-02-06,16,1835
2022-02-06,17,1682
2022-02-06,18,1235
2022-02-06,19,926
2022-02-06,20,646
2022-02-06,21,500
2022-02-06,22,419
2022-02-06,23,276
2022-02-07,0,165
2022-02-07,1,76
2022-02-07,2,34
2022-02-07,3,36
2022-02-07,4,62
2022-02-07,5,155
2022-02-07,6,635
2022-02-07,7,1727
2022-02-07,8,3098
2022-02-07,9,1679
2022-02-07,10,1048
2022-02-07,11,1065
2022-02-07,12,1338
2022-02-07,13,1407
2022-02-07,14,1279
2022-02-07,15,1389
2022-02-07,16,1786
2022-02-07,17,2777
2022-02-07,18,2969
2022-02-07,19,2114
2022-02-07,20,1327
2022-02-07,21,848
2022-02-07,22,640
2022-02-07,23,350
2022-02-08,0,191
2022-02-08,1,107
2022-02-08,2,56
2022-02-08,3,46
2022-02-08,4,56
2022-02-08,5,174
2022-02-08,6,792
2022-02-08,7,2144
2022-02-08,8,3840
2022-02-08,9,2043
2022-02-08,10,1179
2022-02-08,11,1136
2022-02-08,12,1365
2022-02-08,13,1409
2022-02-08,14,1266
2022-02-08,15,1471
2022-02-08,16,2012
2022-02-08,17,3276
2022-02-08,18,3334
2022-02-08,19,2360
2022-02-08,20,1411
2022-02-08,21,1071
2022-02-08,22,851
2022-02-08,23,382
2022-02-09,0,257
2022-02-09,1,146
2022-02-09,2,95
2022-02-09,3,60
2022-02-09,4,66
2022-02-09,5,158
2022-02-09,6,798
2022-02-09,7,2150
2022-02-09,8,3935
2022-02-09,9,2136
2022-02-09,10,1306
2022-02-09,11,1281
2022-02-09,12,1542
2022-02-09,13,1453
2022-02-09,14,1403
2022-02-09,15,1578
2022-02-09,16,1889
2022-02-09,17,3188
2022-02-09,18,3396
2022-02-09,19,2230
2022-02-09,20,1388
2022-02-09,21,724
2022-02-09,22,670
2022-02-09,23,349
2022-02-10,0,166
2022-02-10,1,58
2022-02-10,2,42
2022-02-10,3,40
2022-02-10,4,54
2022-02-10,5,152
2022-02-10,6,780
2022-02-10,7,2142
2022-02-10,8,4210
2022-02-10,9,2129
2022-02-10,10,1253
2022-02-10,11,1078
2022-02-10,12,1366
2022-02-10,13,1419
2022-02-10,14,1350
2022-02-10,15,1498
2022-02-10,16,1957
2022-02-10,17,3130
2022-02-10,18,3262
2022-02-10,19,2202
2022-02-10,20,1422
2022-02-10,21,1091
2022-02-10,22,934
2022-02-10,23,593
2022-02-11,0,359
2022-02-11,1,196
2022-02-11,2,127
2022-02-11,3,87
2022-02-11,4,74
2022-02-11,5,162
2022-02-11,6,615
2022-02-11,7,1551
2022-02-11,8,2763
2022-02-11,9,1790
2022-02-11,10,1253
2022-02-11,11,1289
2022-02-11,12,1614
2022-02-11,13,1658
2022-02-11,14,1588
2022-02-11,15,1761
2022-02-11,16,2113
2022-02-11,17,2616
2022-02-11,18,2602
2022-02-11,19,1751
2022-02-11,20,1133
2022-02-11,21,852
2022-02-11,22,781
2022-02-11,23,680
2022-02-12,0,548
2022-02-12,1,434
2022-02-12,2,292
2022-02-12,3,204
2022-02-12,4,125
2022-02-12,5,84
2022-02-12,6,163
2022-02-12,7,361
2022-02-12,8,783
2022-02-12,9,1290
2022-02-12,10,1678
2022-02-12,11,2152
2022-02-12,12,2300
2022-02-12,13,2727
2022-02-12,14,2644
2022-02-12,15,2631
2022-02-12,16,2406
2022-02-12,17,1932
2022-02-12,18,1486
2022-02-12,19,1358
2022-02-12,20,883
2022-02-12,21,690
2022-02-12,22,650
2022-02-12,23,660
2022-02-13,0,577
2022-02-13,1,440
2022-02-13,2,374
2022-02-13,3,233
2022-02-13,4,127
2022-02-13,5,97
2022-02-13,6,144
2022-02-13,7,217
2022-02-13,8,454
2022-02-13,9,896
2022-02-13,10,1367
2022-02-13,11,1587
2022-02-13,12,1858
2022-02-13,13,1004
2022-02-13,14,673
2022-02-13,15,469
2022-02-13,16,520
2022-02-13,17,520
2022-02-13,18,413
2022-02-13,19,382
2022-02-13,20,370
2022-02-13,21,189
2022-02-13,22,193
2022-02-13,23,125
2022-02-14,0,81
2022-02-14,1,57
2022-02-14,2,43
2022-02-14,3,147
2022-02-14,4,60
2022-02-14,5,138
2022-02-14,6,595
2022-02-14,7,1447
2022-02-14,8,2526
2022-02-14,9,1504
2022-02-14,10,1046
2022-02-14,11,1097
2022-02-14,12,1292
2022-02-14,13,1137
2022-02-14,14,1151
2022-02-14,15,1313
2022-02-14,16,1312
2022-02-14,17,1993
2022-02-14,18,2382
2022-02-14,19,1558
2022-02-14,20,1057
2022-02-14,21,770
2022-02-14,22,582
2022-02-14,23,407
2022-02-15,0,233
2022-02-15,1,135
2022-02-15,2,70
2022-02-15,3,45
2022-02-15,4,66
2022-02-15,5,153
2022-02-15,6,713
2022-02-15,7,1889
2022-02-15,8,3196
2022-02-15,9,1689
2022-02-15,10,820
2022-02-15,11,484
2022-02-15,12,545
2022-02-15,13,463
2022-02-15,14,480
2022-02-15,15,478
2022-02-15,16,1104
2022-02-15,17,2354
2022-02-15,18,2575
2022-02-15,19,1863
2022-02-15,20,1036
2022-02-15,21,752
2022-02-15,22,564
2022-02-15,23,237
2022-02-16,0,131
2022-02-16,1,75
2022-02-16,2,56
2022-02-16,3,42
2022-02-16,4,66
2022-02-16,5,137
2022-02-16,6,574
2022-02-16,7,1680
2022-02-16,8,3106
2022-02-16,9,1718
2022-02-16,10,1113
2022-02-16,11,1159
2022-02-16,12,1371
2022-02-16,13,1266
2022-02-16,14,1118
2022-02-16,15,1167
2022-02-16,16,1437
2022-02-16,17,2158
2022-02-16,18,2361
2022-02-16,19,1741
2022-02-16,20,1157
2022-02-16,21,872
2022-02-16,22,807
2022-02-16,23,492
2022-02-17,0,247
2022-02-17,1,111
2022-02-17,2,84
2022-02-17,3,54
2022-02-17,4,67
2022-02-17,5,129
2022-02-17,6,620
2022-02-17,7,1762
2022-02-17,8,3243
2022-02-17,9,1822
2022-02-17,10,1131
2022-02-17,11,1278
2022-02-17,12,1515
2022-02-17,13,1503
2022-02-17,14,1423
2022-02-17,15,1606
2022-02-17,16,1943
2022-02-17,17,2267
2022-02-17,18,2823
2022-02-17,19,1875
2022-02-17,20,1311
2022-02-17,21,1014
2022-02-17,22,901
2022-02-17,23,692
2022-02-18,0,392
2022-02-18,1,193
2022-02-18,2,98
2022-02-18,3,68
2022-02-18,4,89
2022-02-18,5,117
2022-02-18,6,360
2022-02-18,7,814
2022-02-18,8,1331
2022-02-18,9,822
2022-02-18,10,543
2022-02-18,11,500
2022-02-18,12,570
2022-02-18,13,534
2022-02-18,14,559
2022-02-18,15,552
2022-02-18,16,855
2022-02-18,17,1318
2022-02-18,18,1365
2022-02-18,19,1126
2022-02-18,20,663
2022-02-18,21,559
2022-02-18,22,471
2022-02-18,23,445
2022-02-19,0,361
2022-02-19,1,291
2022-02-19,2,257
2022-02-19,3,171
2022-02-19,4,110
2022-02-19,5,74
2022-02-19,6,140
2022-02-19,7,300
2022-02-19,8,674
2022-02-19,9,1144
2022-02-19,10,1608
2022-02-19,11,1654
2022-02-19,12,715
2022-02-19,13,487
2022-02-19,14,525
2022-02-19,15,984
2022-02-19,16,1209
2022-02-19,17,1324
2022-02-19,18,1148
2022-02-19,19,992
2022-02-19,20,745
2022-02-19,21,652
2022-02-19,22,643
2022-02-19,23,543
2022-02-20,0,555
2022-02-20,1,536
2022-02-20,2,366
2022-02-20,3,265
2022-02-20,4,173
2022-02-20,5,88
2022-02-20,6,126
2022-02-20,7,195
2022-02-20,8,364
2022-02-20,9,671
2022-02-20,10,988
2022-02-20,11,1201
2022-02-20,12,1508
2022-02-20,13,1516
2022-02-20,14,1402
2022-02-20,15,1225
2022-02-20,16,1136
2022-02-20,17,967
2022-02-20,18,565
2022-02-20,19,326
2022-02-20,20,375
2022-02-20,21,289
2022-02-20,22,274
2022-02-20,23,202
2022-02-21,0,137
2022-02-21,1,73
2022-02-21,2,55
2022-02-21,3,41
2022-02-21,4,47
2022-02-21,5,133
2022-02-21,6,484
2022-02-21,7,1310
2022-02-21,8,2440
2022-02-21,9,1296
2022-02-21,10,884
2022-02-21,11,796
2022-02-21,12,953
2022-02-21,13,1027
2022-02-21,14,848
2022-02-21,15,1106
2022-02-21,16,1456
2022-02-21,17,2298
2022-02-21,18,2504
2022-02-21,19,1880
2022-02-21,20,1223
2022-02-21,21,830
2022-02-21,22,587
2022-02-21,23,347
2022-02-22,0,166
2022-02-22,1,12
2022-02-22,2,16
2022-02-22,3,48
2022-02-22,4,50
2022-02-22,5,141
2022-02-22,6,782
2022-02-22,7,2073
2022-02-22,8,3536
2022-02-22,9,1773
2022-02-22,10,1072
2022-02-22,11,1064
2022-02-22,12,1188
2022-02-22,13,990
2022-02-22,14,1076
2022-02-22,15,1418
2022-02-22,16,1830
2022-02-22,17,3177
2022-02-22,18,3263
2022-02-22,19,2208
2022-02-22,20,1405
2022-02-22,21,989
2022-02-22,22,958
2022-02-22,23,448
2022-02-23,0,243
2022-02-23,1,114
2022-02-23,2,40
2022-02-23,3,52
2022-02-23,4,67
2022-02-23,5,166
2022-02-23,6,799
2022-02-23,7,2126
2022-02-23,8,3775
2022-02-23,9,2010
2022-02-23,10,1288
2022-02-23,11,1270
2022-02-23,12,1528
2022-02-23,13,1451
2022-02-23,14,1341
2022-02-23,15,1501
2022-02-23,16,1957
2022-02-23,17,3141
2022-02-23,18,3148
2022-02-23,19,2125
2022-02-23,20,1354
2022-02-23,21,1015
2022-02-23,22,910
2022-02-23,23,579
2022-02-24,0,258
2022-02-24,1,150
2022-02-24,2,87
2022-02-24,3,58
2022-02-24,4,71
2022-02-24,5,134
2022-02-24,6,546
2022-02-24,7,1199
2022-02-24,8,2244
2022-02-24,9,1012
2022-02-24,10,890
2022-02-24,11,972
2022-02-24,12,1323
2022-02-24,13,1300
2022-02-24,14,1142
2022-02-24,15,1325
2022-02-24,16,1694
2022-02-24,17,2785
2022-02-24,18,2719
2022-02-24,19,1768
2022-02-24,20,1182
2022-02-24,21,892
2022-02-24,22,749
2022-02-24,23,571
2022-02-25,0,288
2022-02-25,1,174
2022-02-25,2,87
2022-02-25,3,61
2022-02-25,4,60
2022-02-25,5,159
2022-02-25,6,581
2022-02-25,7,1547
2022-02-25,8,2578
2022-02-25,9,1722
2022-02-25,10,1273
2022-02-25,11,1385
2022-02-25,12,1751
2022-02-25,13,1800
2022-02-25,14,1682
2022-02-25,15,1824
2022-02-25,16,2260
2022-02-25,17,3057
2022-02-25,18,2752
2022-02-25,19,1960
2022-02-25,20,1302
2022-02-25,21,932
2022-02-25,22,969
2022-02-25,23,735
2022-02-26,0,556
2022-02-26,1,515
2022-02-26,2,330
2022-02-26,3,209
2022-02-26,4,172
2022-02-26,5,102
2022-02-26,6,178
2022-02-26,7,358
2022-02-26,8,804
2022-02-26,9,1368
2022-02-26,10,2062
2022-02-26,11,2595
2022-02-26,12,3031
2022-02-26,13,3154
2022-02-26,14,3145
2022-02-26,15,2902
2022-02-26,16,2921
2022-02-26,17,2452
2022-02-26,18,1883
2022-02-26,19,1441
2022-02-26,20,1033
2022-02-26,21,843
2022-02-26,22,864
2022-02-26,23,697
2022-02-27,0,625
2022-02-27,1,407
2022-02-27,2,364
2022-02-27,3,185
2022-02-27,4,158
2022-02-27,5,91
2022-02-27,6,134
2022-02-27,7,225
2022-02-27,8,529
2022-02-27,9,1110
2022-02-27,10,1829
2022-02-27,11,2354
2022-02-27,12,2866
2022-02-27,13,3300
2022-02-27,14,3048
2022-02-27,15,2941
2022-02-27,16,2761
2022-02-27,17,2134
2022-02-27,18,1421
2022-02-27,19,978
2022-02-27,20,723
2022-02-27,21,532
2022-02-27,22,444
2022-02-27,23,284
2022-02-28,0,183
2022-02-28,1,106
2022-02-28,2,68
2022-02-28,3,38
2022-02-28,4,43
2022-02-28,5,138
2022-02-28,6,696
2022-02-28,7,1878
2022-02-28,8,3129
2022-02-28,9,1787
2022-02-28,10,1218
2022-02-28,11,1160
2022-02-28,12,1308
2022-02-28,13,1388
2022-02-28,14,1228
2022-02-28,15,1432
2022-02-28,16,1862
2022-02-28,17,2966
2022-02-28,18,2552
2022-02-28,19,1285
2022-02-28,20,703
2022-02-28,21,507
2022-02-28,22,381
2022-02-28,23,233
2022-03-01,0,127
2022-03-01,1,65
2022-03-01,2,19
2022-03-01,3,35
2022-03-01,4,37
2022-03-01,5,161
2022-03-01,6,988
2022-03-01,7,2663
2022-03-01,8,4063
2022-03-01,9,2239
2022-03-01,10,1365
2022-03-01,11,1384
2022-03-01,12,1638
2022-03-01,13,1685
2022-03-01,14,1765
2022-03-01,15,2120
2022-03-01,16,2826
2022-03-01,17,4182
2022-03-01,18,4339
2022-03-01,19,2667
2022-03-01,20,1329
2022-03-01,21,741
2022-03-01,22,519
2022-03-01,23,236
2022-03-02,0,140
2022-03-02,1,61
2022-03-02,2,37
2022-03-02,3,23
2022-03-02,4,43
2022-03-02,5,149
2022-03-02,6,980
2022-03-02,7,2578
2022-03-02,8,3719
2022-03-02,9,1627
2022-03-02,10,812
2022-03-02,11,725
2022-03-02,12,986
2022-03-02,13,1084
2022-03-02,14,1046
2022-03-02,15,1225
2022-03-02,16,1613
2022-03-02,17,2724
2022-03-02,18,2952
2022-03-02,19,1968
2022-03-02,20,1291
2022-03-02,21,980
2022-03-02,22,816
2022-03-02,23,514
2022-03-03,0,287
2022-03-03,1,175
2022-03-03,2,82
2022-03-03,3,70
2022-03-03,4,82
2022-03-03,5,214
2022-03-03,6,1292
2022-03-03,7,3739
2022-03-03,8,5606
2022-03-03,9,3406
2022-03-03,10,2125
2022-03-03,11,2065
2022-03-03,12,2276
2022-03-03,13,2261
2022-03-03,14,2409
2022-03-03,15,3047
2022-03-03,16,4047
2022-03-03,17,6142
2022-03-03,18,6270
2022-03-03,19,3964
2022-03-03,20,2296
2022-03-03,21,1719
2022-03-03,22,1391
2022-03-03,23,988
2022-03-04,0,415
2022-03-04,1,213
2022-03-04,2,98
2022-03-04,3,79
2022-03-04,4,89
2022-03-04,5,212
2022-03-04,6,1134
2022-03-04,7,2569
2022-03-04,8,3320
2022-03-04,9,2010
2022-03-04,10,1366
2022-03-04,11,1262
2022-03-04,12,1694
2022-03-04,13,1685
2022-03-04,14,1353
2022-03-04,15,1551
2022-03-04,16,1646
2022-03-04,17,2466
2022-03-04,18,2358
2022-03-04,19,1733
2022-03-04,20,1182
2022-03-04,21,900
2022-03-04,22,808
2022-03-04,23,633
2022-03-05,0,532
2022-03-05,1,429
2022-03-05,2,317
2022-03-05,3,267
2022-03-05,4,150
2022-03-05,5,108
2022-03-05,6,188
2022-03-05,7,358
2022-03-05,8,699
2022-03-05,9,1175
2022-03-05,10,1672
2022-03-05,11,1945
2022-03-05,12,2239
2022-03-05,13,1860
2022-03-05,14,1929
2022-03-05,15,1824
2022-03-05,16,1920
2022-03-05,17,1813
2022-03-05,18,1208
2022-03-05,19,861
2022-03-05,20,719
2022-03-05,21,581
2022-03-05,22,586
2022-03-05,23,608
2022-03-06,0,542
2022-03-06,1,494
2022-03-06,2,319
2022-03-06,3,205
2022-03-06,4,144
2022-03-06,5,101
2022-03-06,6,144
2022-03-06,7,215
2022-03-06,8,534
2022-03-06,9,1001
2022-03-06,10,1571
2022-03-06,11,2072
2022-03-06,12,2309
2022-03-06,13,2251
2022-03-06,14,2260
2022-03-06,15,2061
2022-03-06,16,2044
2022-03-06,17,1804
2022-03-06,18,1404
2022-03-06,19,977
2022-03-06,20,633
2022-03-06,21,528
2022-03-06,22,498
2022-03-06,23,296
2022-03-07,0,52
2022-03-07,1,8
2022-03-07,2,47
2022-03-07,3,47
2022-03-07,4,69
2022-03-07,5,165
2022-03-07,6,693
2022-03-07,7,1888
2022-03-07,8,3291
2022-03-07,9,1752
2022-03-07,10,1022
2022-03-07,11,978
2022-03-07,12,1279
2022-03-07,13,1347
2022-03-07,14,1312
2022-03-07,15,1482
2022-03-07,16,1870
2022-03-07,17,3017
2022-03-07,18,2891
2022-03-07,19,1903
2022-03-07,20,1227
2022-03-07,21,755
2022-03-07,22,572
2022-03-07,23,297
2022-03-08,0,172
2022-03-08,1,85
2022-03-08,2,44
2022-03-08,3,26
2022-03-08,4,78
2022-03-08,5,155
2022-03-08,6,820
2022-03-08,7,2368
2022-03-08,8,4172
2022-03-08,9,2139
2022-03-08,10,1219
2022-03-08,11,1199
2022-03-08,12,1500
2022-03-08,13,1452
2022-03-08,14,1464
2022-03-08,15,1714
2022-03-08,16,2251
2022-03-08,17,3608
2022-03-08,18,3499
2022-03-08,19,2303
2022-03-08,20,1424
2022-03-08,21,969
2022-03-08,22,783
2022-03-08,23,405
2022-03-09,0,246
2022-03-09,1,117
2022-03-09,2,102
2022-03-09,3,59
2022-03-09,4,69
2022-03-09,5,178
2022-03-09,6,882
2022-03-09,7,2363
2022-03-09,8,4070
2022-03-09,9,2194
2022-03-09,10,1182
2022-03-09,11,1282
2022-03-09,12,1470
2022-03-09,13,1432
2022-03-09,14,1330
2022-03-09,15,1678
2022-03-09,16,2167
2022-03-09,17,3516
2022-03-09,18,3673
2022-03-09,19,2294
2022-03-09,20,1355
2022-03-09,21,1090
2022-03-09,22,949
2022-03-09,23,625
2022-03-10,0,298
2022-03-10,1,39
2022-03-10,2,118
2022-03-10,3,93
2022-03-10,4,69
2022-03-10,5,169
2022-03-10,6,818
2022-03-10,7,2390
2022-03-10,8,4253
2022-03-10,9,2228
2022-03-10,10,1329
2022-03-10,11,1260
2022-03-10,12,1539
2022-03-10,13,1628
2022-03-10,14,1634
2022-03-10,15,1876
2022-03-10,16,2541
2022-03-10,17,3894
2022-03-10,18,3582
2022-03-10,19,2423
2022-03-10,20,1565
2022-03-10,21,1208
2022-03-10,22,1064
2022-03-10,23,780
2022-03-11,0,454
2022-03-11,1,255
2022-03-11,2,161
2022-03-11,3,95
2022-03-11,4,82
2022-03-11,5,187
2022-03-11,6,704
2022-03-11,7,1773
2022-03-11,8,2931
2022-03-11,9,1904
2022-03-11,10,1301
2022-03-11,11,1407
2022-03-11,12,1590
2022-03-11,13,1190
2022-03-11,14,787
2022-03-11,15,841
2022-03-11,16,1432
2022-03-11,17,1772
2022-03-11,18,2172
2022-03-11,19,1656
2022-03-11,20,731
2022-03-11,21,494
2022-03-11,22,598
2022-03-11,23,584
2022-03-12,0,564
2022-03-12,1,397
2022-03-12,2,316
2022-03-12,3,213
2022-03-12,4,126
2022-03-12,5,80
2022-03-12,6,202
2022-03-12,7,383
2022-03-12,8,771
2022-03-12,9,1357
2022-03-12,10,1937
2022-03-12,11,2371
2022-03-12,12,2949
2022-03-12,13,3013
2022-03-12,14,3069
2022-03-12,15,3161
2022-03-12,16,3269
2022-03-12,17,2532
2022-03-12,18,2152
2022-03-12,19,1611
2022-03-12,20,1366
2022-03-12,21,924
2022-03-12,22,813
2022-03-12,23,823
2022-03-13,0,708
2022-03-13,1,46
2022-03-13,2,466
2022-03-13,3,264
2022-03-13,4,129
2022-03-13,5,65
2022-03-13,6,119
2022-03-13,7,218
2022-03-13,8,520
2022-03-13,9,1113
2022-03-13,10,1622
2022-03-13,11,1677
2022-03-13,12,1466
2022-03-13,13,1456
2022-03-13,14,1647
2022-03-13,15,1947
2022-03-13,16,2134
2022-03-13,17,1906
2022-03-13,18,1670
2022-03-13,19,1102
2022-03-13,20,888
2022-03-13,21,653
2022-03-13,22,567
2022-03-13,23,374
2022-03-14,0,236
2022-03-14,1,105
2022-03-14,2,68
2022-03-14,3,53
2022-03-14,4,44
2022-03-14,5,160
2022-03-14,6,735
2022-03-14,7,2059
2022-03-14,8,3407
2022-03-14,9,1921
2022-03-14,10,1229
2022-03-14,11,1211
2022-03-14,12,1489
2022-03-14,13,1513
2022-03-14,14,1393
2022-03-14,15,1457
2022-03-14,16,1652
2022-03-14,17,3143
2022-03-14,18,3394
2022-03-14,19,2166
2022-03-14,20,1376
2022-03-14,21,926
2022-03-14,22,743
2022-03-14,23,385
2022-03-15,0,198
2022-03-15,1,108
2022-03-15,2,48
2022-03-15,3,49
2022-03-15,4,51
2022-03-15,5,160
2022-03-15,6,896
2022-03-15,7,2586
2022-03-15,8,4149
2022-03-15,9,2265
2022-03-15,10,1369
2022-03-15,11,1314
2022-03-15,12,1617
2022-03-15,13,1649
2022-03-15,14,1594
2022-03-15,15,1786
2022-03-15,16,2394
2022-03-15,17,3896
2022-03-15,18,3865
2022-03-15,19,2488
2022-03-15,20,1478
2022-03-15,21,1095
2022-03-15,22,936
2022-03-15,23,455
2022-03-16,0,227
2022-03-16,1,122
2022-03-16,2,86
2022-03-16,3,51
2022-03-16,4,49
2022-03-16,5,188
2022-03-16,6,869
2022-03-16,7,2383
2022-03-16,8,3870
2022-03-16,9,2096
2022-03-16,10,1174
2022-03-16,11,1088
2022-03-16,12,1154
2022-03-16,13,810
2022-03-16,14,657
2022-03-16,15,558
2022-03-16,16,939
2022-03-16,17,1616
2022-03-16,18,1975
2022-03-16,19,1272
2022-03-16,20,748
2022-03-16,21,540
2022-03-16,22,650
2022-03-16,23,428
2022-03-17,0,216
2022-03-17,1,130
2022-03-17,2,78
2022-03-17,3,57
2022-03-17,4,77
2022-03-17,5,146
2022-03-17,6,781
2022-03-17,7,2385
2022-03-17,8,4078
2022-03-17,9,2186
2022-03-17,10,1387
2022-03-17,11,1430
2022-03-17,12,1657
2022-03-17,13,1698
2022-03-17,14,1575
2022-03-17,15,1895
2022-03-17,16,2545
2022-03-17,17,3941
2022-03-17,18,3750
2022-03-17,19,2355
2022-03-17,20,1499
2022-03-17,21,1145
2022-03-17,22,1048
2022-03-17,23,873
2022-03-18,0,437
2022-03-18,1,280
2022-03-18,2,191
2022-03-18,3,102
2022-03-18,4,91
2022-03-18,5,167
2022-03-18,6,688
2022-03-18,7,1686
2022-03-18,8,2914
2022-03-18,9,1988
2022-03-18,10,1545
2022-03-18,11,1678
2022-03-18,12,2054
2022-03-18,13,2273
2022-03-18,14,2279
2022-03-18,15,2478
2022-03-18,16,3028
2022-03-18,17,3769
2022-03-18,18,3290
2022-03-18,19,2055
2022-03-18,20,1432
2022-03-18,21,1016
2022-03-18,22,939
2022-03-18,23,870
2022-03-19,0,613
2022-03-19,1,442
2022-03-19,2,325
2022-03-19,3,274
2022-03-19,4,143
2022-03-19,5,107
2022-03-19,6,199
2022-03-19,7,471
2022-03-19,8,894
2022-03-19,9,1631
2022-03-19,10,2328
2022-03-19,11,3112
2022-03-19,12,3451
2022-03-19,13,3663
2022-03-19,14,3740
2022-03-19,15,3593
2022-03-19,16,3645
2022-03-19,17,3009
2022-03-19,18,2344
2022-03-19,19,1613
2022-03-19,20,1051
2022-03-19,21,738
2022-03-19,22,872
2022-03-19,23,715
2022-03-20,0,619
2022-03-20,1,463
2022-03-20,2,348
2022-03-20,3,207
2022-03-20,4,164
2022-03-20,5,119
2022-03-20,6,178
2022-03-20,7,313
2022-03-20,8,655
2022-03-20,9,1279
2022-03-20,10,2016
2022-03-20,11,2389
2022-03-20,12,2977
2022-03-20,13,3056
2022-03-20,14,3069
2022-03-20,15,2942
2022-03-20,16,2584
2022-03-20,17,2544
2022-03-20,18,1909
2022-03-20,19,1300
2022-03-20,20,847
2022-03-20,21,608
2022-03-20,22,509
2022-03-20,23,312
2022-03-21,0,202
2022-03-21,1,105
2022-03-21,2,53
2022-03-21,3,57
2022-03-21,4,64
2022-03-21,5,161
2022-03-21,6,723
2022-03-21,7,2033
2022-03-21,8,3431
2022-03-21,9,1927
2022-03-21,10,1317
2022-03-21,11,1343
2022-03-21,12,1525
2022-03-21,13,1629
2022-03-21,14,1603
2022-03-21,15,1888
2022-03-21,16,2438
2022-03-21,17,3783
2022-03-21,18,3633
2022-03-21,19,2273
2022-03-21,20,1434
2022-03-21,21,937
2022-03-21,22,708
2022-03-21,23,384
2022-03-22,0,94
2022-03-22,1,14
2022-03-22,2,10
2022-03-22,3,4
2022-03-22,4,22
2022-03-22,5,157
2022-03-22,6,892
2022-03-22,7,2509
2022-03-22,8,4293
2022-03-22,9,2372
2022-03-22,10,1455
2022-03-22,11,1427
2022-03-22,12,1780
2022-03-22,13,1876
2022-03-22,14,1862
2022-03-22,15,2185
2022-03-22,16,2824
2022-03-22,17,4395
2022-03-22,18,4332
2022-03-22,19,2569
2022-03-22,20,1702
2022-03-22,21,1102
2022-03-22,22,909
2022-03-22,23,437
2022-03-23,0,310
2022-03-23,1,119
2022-03-23,2,87
2022-03-23,3,60
2022-03-23,4,85
2022-03-23,5,185
2022-03-23,6,918
2022-03-23,7,2541
2022-03-23,8,4313
2022-03-23,9,2344
2022-03-23,10,1580
2022-03-23,11,1530
2022-03-23,12,1961
2022-03-23,13,1974
2022-03-23,14,1988
2022-03-23,15,2242
2022-03-23,16,2893
2022-03-23,17,4531
2022-03-23,18,4095
2022-03-23,19,2513
2022-03-23,20,1682
2022-03-23,21,1329
2022-03-23,22,1042
2022-03-23,23,637
2022-03-24,0,336
2022-03-24,1,181
2022-03-24,2,115
2022-03-24,3,61
2022-03-24,4,79
2022-03-24,5,162
2022-03-24,6,812
2022-03-24,7,2421
2022-03-24,8,4252
2022-03-24,9,2294
2022-03-24,10,1548
2022-03-24,11,1595
2022-03-24,12,1860
2022-03-24,13,2015
2022-03-24,14,2010
2022-03-24,15,2205
2022-03-24,16,2848
2022-03-24,17,4216
2022-03-24,18,4089
2022-03-24,19,2451
2022-03-24,20,1570
2022-03-24,21,1243
2022-03-24,22,1098
2022-03-24,23,732
2022-03-25,0,415
2022-03-25,1,268
2022-03-25,2,151
2022-03-25,3,93
2022-03-25,4,89
2022-03-25,5,163
2022-03-25,6,675
2022-03-25,7,1746
2022-03-25,8,3004
2022-03-25,9,2097
2022-03-25,10,1690
2022-03-25,11,1814
2022-03-25,12,2182
2022-03-25,13,2325
2022-03-25,14,2327
2022-03-25,15,2785
2022-03-25,16,3203
2022-03-25,17,4071
2022-03-25,18,3908
2022-03-25,19,2495
2022-03-25,20,1510
2022-03-25,21,1134
2022-03-25,22,948
2022-03-25,23,1019
2022-03-26,0,824
2022-03-26,1,557
2022-03-26,2,416
2022-03-26,3,259
2022-03-26,4,147
2022-03-26,5,133
2022-03-26,6,248
2022-03-26,7,563
2022-03-26,8,1089
2022-03-26,9,1882
2022-03-26,10,2750
2022-03-26,11,3611
2022-03-26,12,4376
2022-03-26,13,4643
2022-03-26,14,4834
2022-03-26,15,5003
2022-03-26,16,4737
2022-03-26,17,4441
2022-03-26,18,3156
2022-03-26,19,2114
2022-03-26,20,1465
2022-03-26,21,1134
2022-03-26,22,1043
2022-03-26,23,914
2022-03-27,0,703
2022-03-27,2,665
2022-03-27,3,399
2022-03-27,4,204
2022-03-27,5,130
2022-03-27,6,140
2022-03-27,7,231
2022-03-27,8,443
2022-03-27,9,915
2022-03-27,10,1436
2022-03-27,11,1852
2022-03-27,12,2295
2022-03-27,13,2240
2022-03-27,14,2303
2022-03-27,15,2408
2022-03-27,16,2473
2022-03-27,17,2865
2022-03-27,18,2404
2022-03-27,19,1695
2022-03-27,20,1089
2022-03-27,21,810
2022-03-27,22,557
2022-03-27,23,374
2022-03-28,0,222
2022-03-28,1,121
2022-03-28,2,77
2022-03-28,3,58
2022-03-28,4,52
2022-03-28,5,132
2022-03-28,6,587
2022-03-28,7,1781
2022-03-28,8,3058
2022-03-28,9,1847
2022-03-28,10,1271
2022-03-28,11,1185
2022-03-28,12,1501
2022-03-28,13,1644
2022-03-28,14,1605
2022-03-28,15,1930
2022-03-28,16,2351
2022-03-28,17,3477
2022-03-28,18,3621
2022-03-28,19,2354
2022-03-28,20,1427
2022-03-28,21,981
2022-03-28,22,731
2022-03-28,23,417
2022-03-29,0,212
2022-03-29,1,119
2022-03-29,2,63
2022-03-29,3,46
2022-03-29,4,60
2022-03-29,5,163
2022-03-29,6,728
2022-03-29,7,2098
2022-03-29,8,3766
2022-03-29,9,2056
2022-03-29,10,1199
2022-03-29,11,1203
2022-03-29,12,1357
2022-03-29,13,1355
2022-03-29,14,1297
2022-03-29,15,1501
2022-03-29,16,2101
2022-03-29,17,3515
2022-03-29,18,3657
2022-03-29,19,2421
2022-03-29,20,1343
2022-03-29,21,957
2022-03-29,22,734
2022-03-29,23,366
2022-03-30,0,199
2022-03-30,1,85
2022-03-30,2,43
2022-03-30,3,46
2022-03-30,4,63
2022-03-30,5,139
2022-03-30,6,682
2022-03-30,7,1984
2022-03-30,8,3565
2022-03-30,9,2038
2022-03-30,10,1241
2022-03-30,11,1178
2022-03-30,12,1271
2022-03-30,13,1390
2022-03-30,14,1369
2022-03-30,15,1543
2022-03-30,16,2085
2022-03-30,17,3257
2022-03-30,18,3442
2022-03-30,19,2175
2022-03-30,20,1244
2022-03-30,21,817
2022-03-30,22,719
2022-03-30,23,444
2022-03-31,0,169
2022-03-31,1,95
2022-03-31,2,90
2022-03-31,3,46
2022-03-31,4,62
2022-03-31,5,119
2022-03-31,6,667
2022-03-31,7,1965
2022-03-31,8,3590
2022-03-31,9,1756
2022-03-31,10,938
2022-03-31,11,954
2022-03-31,12,1121
2022-03-31,13,1255
2022-03-31,14,1160
2022-03-31,15,1159
2022-03-31,16,1683
2022-03-31,17,2610
2022-03-31,18,2812
2022-03-31,19,1773
2022-03-31,20,1110
2022-03-31,21,815
2022-03-31,22,720
2022-03-31,23,504
2022-04-01,0,252
2022-04-01,1,166
2022-04-01,2,109
2022-04-01,3,62
2022-04-01,4,59
2022-04-01,5,138
2022-04-01,6,495
2022-04-01,7,1341
2022-04-01,8,2267
2022-04-01,9,1526
2022-04-01,10,1051
2022-04-01,11,1053
2022-04-01,12,1231
2022-04-01,13,1256
2022-04-01,14,1359
2022-04-01,15,1290
2022-04-01,16,1812
2022-04-01,17,2488
2022-04-01,18,2515
2022-04-01,19,1800
2022-04-01,20,1114
2022-04-01,21,778
2022-04-01,22,660
2022-04-01,23,588
2022-04-02,0,446
2022-04-02,1,295
2022-04-02,2,253
2022-04-02,3,159
2022-04-02,4,117
2022-04-02,5,77
2022-04-02,6,128
2022-04-02,7,352
2022-04-02,8,614
2022-04-02,9,1119
2022-04-02,10,1546
2022-04-02,11,1892
2022-04-02,12,2203
2022-04-02,13,2178
2022-04-02,14,2045
2022-04-02,15,2216
2022-04-02,16,1998
2022-04-02,17,2208
2022-04-02,18,1987
2022-04-02,19,1527
2022-04-02,20,995
2022-04-02,21,702
2022-04-02,22,621
2022-04-02,23,629
2022-04-03,0,544
2022-04-03,1,405
2022-04-03,2,275
2022-04-03,3,234
2022-04-03,4,157
2022-04-03,5,94
2022-04-03,6,130
2022-04-03,7,217
2022-04-03,8,488
2022-04-03,9,1001
2022-04-03,10,1541
2022-04-03,11,2069
2022-04-03,12,2480
2022-04-03,13,2542
2022-04-03,14,2362
2022-04-03,15,2104
2022-04-03,16,2138
2022-04-03,17,1899
2022-04-03,18,1645
2022-04-03,19,1256
2022-04-03,20,825
2022-04-03,21,562
2022-04-03,22,542
2022-04-03,23,336
2022-04-04,0,202
2022-04-04,1,102
2022-04-04,2,60
2022-04-04,3,43
2022-04-04,4,42
2022-04-04,5,84
2022-04-04,6,322
2022-04-04,7,854
2022-04-04,8,1354
2022-04-04,9,892
2022-04-04,10,471
2022-04-04,11,574
2022-04-04,12,805
2022-04-04,13,908
2022-04-04,14,960
2022-04-04,15,1213
2022-04-04,16,1494
2022-04-04,17,2706
2022-04-04,18,2732
2022-04-04,19,1983
2022-04-04,20,1179
2022-04-04,21,893
2022-04-04,22,687
2022-04-04,23,504
2022-04-05,0,233
2022-04-05,1,137
2022-04-05,2,82
2022-04-05,3,54
2022-04-05,4,58
2022-04-05,5,157
2022-04-05,6,695
2022-04-05,7,1990
2022-04-05,8,3444
2022-04-05,9,1873
2022-04-05,10,1135
2022-04-05,11,1170
2022-04-05,12,1332
2022-04-05,13,1397
2022-04-05,14,1510
2022-04-05,15,1518
2022-04-05,16,2022
2022-04-05,17,3391
2022-04-05,18,3639
2022-04-05,19,2328
2022-04-05,20,1336
2022-04-05,21,984
2022-04-05,22,871
2022-04-05,23,349
2022-04-06,0,276
2022-04-06,1,125
2022-04-06,2,64
2022-04-06,3,65
2022-04-06,4,66
2022-04-06,5,141
2022-04-06,6,671
2022-04-06,7,1961
2022-04-06,8,3142
2022-04-06,9,1434
2022-04-06,10,922
2022-04-06,11,1057
2022-04-06,12,1310
2022-04-06,13,1262
2022-04-06,14,1211
2022-04-06,15,911
2022-04-06,16,1492
2022-04-06,17,2773
2022-04-06,18,2301
2022-04-06,19,1351
2022-04-06,20,678
2022-04-06,21,693
2022-04-06,22,795
2022-04-06,23,460
2022-04-07,0,237
2022-04-07,1,120
2022-04-07,2,43
2022-04-07,3,38
2022-04-07,4,36
2022-04-07,5,108
2022-04-07,6,638
2022-04-07,7,1847
2022-04-07,8,3388
2022-04-07,9,1754
2022-04-07,10,1135
2022-04-07,11,1080
2022-04-07,12,1197
2022-04-07,13,1267
2022-04-07,14,1134
2022-04-07,15,1287
2022-04-07,16,1775
2022-04-07,17,3044
2022-04-07,18,3164
2022-04-07,19,2068
2022-04-07,20,1255
2022-04-07,21,951
2022-04-07,22,887
2022-04-07,23,621
2022-04-08,0,347
2022-04-08,1,179
2022-04-08,2,106
2022-04-08,3,73
2022-04-08,4,83
2022-04-08,5,135
2022-04-08,6,519
2022-04-08,7,1351
2022-04-08,8,2164
2022-04-08,9,1562
2022-04-08,10,1076
2022-04-08,11,1238
2022-04-08,12,1424
2022-04-08,13,1590
2022-04-08,14,1663
2022-04-08,15,1635
2022-04-08,16,2075
2022-04-08,17,2851
2022-04-08,18,2872
2022-04-08,19,2188
2022-04-08,20,1319
2022-04-08,21,942
2022-04-08,22,832
2022-04-08,23,548
2022-04-09,0,488
2022-04-09,1,424
2022-04-09,2,249
2022-04-09,3,182
2022-04-09,4,121
2022-04-09,5,103
2022-04-09,6,160
2022-04-09,7,353
2022-04-09,8,712
2022-04-09,9,1342
2022-04-09,10,1869
2022-04-09,11,2388
2022-04-09,12,2734
2022-04-09,13,2769
2022-04-09,14,2858
2022-04-09,15,2882
2022-04-09,16,2752
2022-04-09,17,2655
2022-04-09,18,2403
2022-04-09,19,1912
2022-04-09,20,1214
2022-04-09,21,979
2022-04-09,22,876
2022-04-09,23,839
2022-04-10,0,659
2022-04-10,1,512
2022-04-10,2,356
2022-04-10,3,250
2022-04-10,4,150
2022-04-10,5,115
2022-04-10,6,146
2022-04-10,7,250
2022-04-10,8,520
2022-04-10,9,1166
2022-04-10,10,1935
2022-04-10,11,2406
2022-04-10,12,2884
2022-04-10,13,3060
2022-04-10,14,3050
2022-04-10,15,2984
2022-04-10,16,2750
2022-04-10,17,2431
2022-04-10,18,2293
2022-04-10,19,1541
2022-04-10,20,945
2022-04-10,21,788
2022-04-10,22,565
2022-04-10,23,457
2022-04-11,0,277
2022-04-11,1,167
2022-04-11,2,81
2022-04-11,3,76
2022-04-11,4,86
2022-04-11,5,143
2022-04-11,6,648
2022-04-11,7,1682
2022-04-11,8,2811
2022-04-11,9,1694
2022-04-11,10,1237
2022-04-11,11,1351
2022-04-11,12,1637
2022-04-11,13,1774
2022-04-11,14,1770
2022-04-11,15,1927
2022-04-11,16,2271
2022-04-11,17,3364
2022-04-11,18,3583
2022-04-11,19,2600
2022-04-11,20,1610
2022-04-11,21,1006
2022-04-11,22,815
2022-04-11,23,515
2022-04-12,0,282
2022-04-12,1,157
2022-04-12,2,65
2022-04-12,3,75
2022-04-12,4,79
2022-04-12,5,155
2022-04-12,6,756
2022-04-12,7,2045
2022-04-12,8,3553
2022-04-12,9,1927
2022-04-12,10,1470
2022-04-12,11,1465
2022-04-12,12,1721
2022-04-12,13,1687
2022-04-12,14,1743
2022-04-12,15,1778
2022-04-12,16,1934
2022-04-12,17,3557
2022-04-12,18,3997
2022-04-12,19,2526
2022-04-12,20,1488
2022-04-12,21,1092
2022-04-12,22,980
2022-04-12,23,481
2022-04-13,0,345
2022-04-13,1,163
2022-04-13,2,139
2022-04-13,3,98
2022-04-13,4,113
2022-04-13,5,169
2022-04-13,6,721
2022-04-13,7,2001
2022-04-13,8,3413
2022-04-13,9,1966
2022-04-13,10,1413
2022-04-13,11,1477
2022-04-13,12,1802
2022-04-13,13,1674
2022-04-13,14,1741
2022-04-13,15,1929
2022-04-13,16,2438
2022-04-13,17,3759
2022-04-13,18,3973
2022-04-13,19,2716
2022-04-13,20,1650
2022-04-13,21,1220
2022-04-13,22,1028
2022-04-13,23,774
2022-04-14,0,354
2022-04-14,1,206
2022-04-14,2,120
2022-04-14,3,82
2022-04-14,4,94
2022-04-14,5,142
2022-04-14,6,682
2022-04-14,7,1711
2022-04-14,8,2862
2022-04-14,9,1923
2022-04-14,10,1587
2022-04-14,11,1737
2022-04-14,12,2094
2022-04-14,13,2104
2022-04-14,14,2139
2022-04-14,15,2306
2022-04-14,16,2827
2022-04-14,17,3834
2022-04-14,18,3612
2022-04-14,19,2736
2022-04-14,20,1587
2022-04-14,21,1295
2022-04-14,22,1214
2022-04-14,23,1003
2022-04-15,0,730
2022-04-15,1,484
2022-04-15,2,327
2022-04-15,3,290
2022-04-15,4,188
2022-04-15,5,147
2022-04-15,6,185
2022-04-15,7,429
2022-04-15,8,764
2022-04-15,9,1376
2022-04-15,10,2082
2022-04-15,11,2751
2022-04-15,12,3260
2022-04-15,13,3630
2022-04-15,14,3935
2022-04-15,15,3953
2022-04-15,16,4156
2022-04-15,17,3855
2022-04-15,18,3341
2022-04-15,19,2594
2022-04-15,20,1604
2022-04-15,21,1341
2022-04-15,22,1082
2022-04-15,23,983
2022-04-16,0,620
2022-04-16,1,467
2022-04-16,2,273
2022-04-16,3,208
2022-04-16,4,138
2022-04-16,5,103
2022-04-16,6,213
2022-04-16,7,337
2022-04-16,8,775
2022-04-16,9,1372
2022-04-16,10,2225
2022-04-16,11,2892
2022-04-16,12,3251
2022-04-16,13,3546
2022-04-16,14,3753
2022-04-16,15,3937
2022-04-16,16,3792
2022-04-16,17,3785
2022-04-16,18,3515
2022-04-16,19,2670
2022-04-16,20,1436
2022-04-16,21,1193
2022-04-16,22,1081
2022-04-16,23,887
2022-04-17,0,530
2022-04-17,1,386
2022-04-17,2,250
2022-04-17,3,199
2022-04-17,4,154
2022-04-17,5,122
2022-04-17,6,143
2022-04-17,7,260
2022-04-17,8,565
2022-04-17,9,1157
2022-04-17,10,2075
2022-04-17,11,2670
2022-04-17,12,2997
2022-04-17,13,3137
2022-04-17,14,3262
2022-04-17,15,3300
2022-04-17,16,3534
2022-04-17,17,3190
2022-04-17,18,2889
2022-04-17,19,2179
2022-04-17,20,1268
2022-04-17,21,976
2022-04-17,22,961
2022-04-17,23,747
2022-04-18,0,505
2022-04-18,1,322
2022-04-18,2,220
2022-04-18,3,135
2022-04-18,4,118
2022-04-18,5,114
2022-04-18,6,164
2022-04-18,7,312
2022-04-18,8,598
2022-04-18,9,1191
2022-04-18,10,1900
2022-04-18,11,2353
2022-04-18,12,2764
2022-04-18,13,2992
2022-04-18,14,3128
2022-04-18,15,3323
2022-04-18,16,3552
2022-04-18,17,3220
2022-04-18,18,2800
2022-04-18,19,2133
2022-04-18,20,1362
2022-04-18,21,934
2022-04-18,22,812
2022-04-18,23,493
2022-04-19,0,292
2022-04-19,1,161
2022-04-19,2,103
2022-04-19,3,61
2022-04-19,4,61
2022-04-19,5,166
2022-04-19,6,773
2022-04-19,7,2027
2022-04-19,8,3316
2022-04-19,9,1796
2022-04-19,10,1320
2022-04-19,11,1251
2022-04-19,12,1465
2022-04-19,13,1451
2022-04-19,14,1457
2022-04-19,15,1712
2022-04-19,16,2296
2022-04-19,17,3630
2022-04-19,18,3709
2022-04-19,19,2483
2022-04-19,20,1418
2022-04-19,21,1027
2022-04-19,22,854
2022-04-19,23,383
2022-04-20,0,231
2022-04-20,1,131
2022-04-20,2,73
2022-04-20,3,55
2022-04-20,4,70
2022-04-20,5,161
2022-04-20,6,819
2022-04-20,7,2375
2022-04-20,8,3933
2022-04-20,9,2084
2022-04-20,10,1391
2022-04-20,11,1504
2022-04-20,12,1830
2022-04-20,13,1943
2022-04-20,14,2088
2022-04-20,15,2276
2022-04-20,16,2709
2022-04-20,17,4546
2022-04-20,18,4701
2022-04-20,19,3213
2022-04-20,20,1821
2022-04-20,21,1363
2022-04-20,22,1037
2022-04-20,23,629
2022-04-21,0,303
2022-04-21,1,167
2022-04-21,2,50
2022-04-21,3,40
2022-04-21,4,70
2022-04-21,5,160
2022-04-21,6,779
2022-04-21,7,2478
2022-04-21,8,4213
2022-04-21,9,2341
2022-04-21,10,1544
2022-04-21,11,1576
2022-04-21,12,1916
2022-04-21,13,1871
2022-04-21,14,1962
2022-04-21,15,2239
2022-04-21,16,2713
2022-04-21,17,4264
2022-04-21,18,4387
2022-04-21,19,3039
2022-04-21,20,1675
2022-04-21,21,1201
2022-04-21,22,1047
2022-04-21,23,672
2022-04-22,0,365
2022-04-22,1,225
2022-04-22,2,112
2022-04-22,3,83
2022-04-22,4,74
2022-04-22,5,164
2022-04-22,6,621
2022-04-22,7,1748
2022-04-22,8,2821
2022-04-22,9,1844
2022-04-22,10,1426
2022-04-22,11,1580
2022-04-22,12,1765
2022-04-22,13,1854
2022-04-22,14,1821
2022-04-22,15,1900
2022-04-22,16,2371
2022-04-22,17,3229
2022-04-22,18,3234
2022-04-22,19,2312
2022-04-22,20,1495
2022-04-22,21,1096
2022-04-22,22,920
2022-04-22,23,829
2022-04-23,0,682
2022-04-23,1,444
2022-04-23,2,309
2022-04-23,3,215
2022-04-23,4,135
2022-04-23,5,108
2022-04-23,6,194
2022-04-23,7,411
2022-04-23,8,839
2022-04-23,9,1390
2022-04-23,10,2038
2022-04-23,11,2566
2022-04-23,12,2928
2022-04-23,13,3112
2022-04-23,14,3057
2022-04-23,15,3308
2022-04-23,16,3157
2022-04-23,17,2993
2022-04-23,18,2649
2022-04-23,19,2347
2022-04-23,20,1472
2022-04-23,21,1045
2022-04-23,22,975
2022-04-23,23,974
2022-04-24,0,810
2022-04-24,1,583
2022-04-24,2,382
2022-04-24,3,284
2022-04-24,4,199
2022-04-24,5,103
2022-04-24,6,185
2022-04-24,7,278
2022-04-24,8,665
2022-04-24,9,1458
2022-04-24,10,2178
2022-04-24,11,3059
2022-04-24,12,3511
2022-04-24,13,3734
2022-04-24,14,3449
2022-04-24,15,3343
2022-04-24,16,3339
2022-04-24,17,3101
2022-04-24,18,2689
2022-04-24,19,1923
2022-04-24,20,1196
2022-04-24,21,875
2022-04-24,22,718
2022-04-24,23,468
2022-04-25,0,275
2022-04-25,1,132
2022-04-25,2,82
2022-04-25,3,69
2022-04-25,4,76
2022-04-25,5,165
2022-04-25,6,772
2022-04-25,7,2160
2022-04-25,8,3410
2022-04-25,9,1895
2022-04-25,10,1193
2022-04-25,11,1283
2022-04-25,12,1450
2022-04-25,13,1327
2022-04-25,14,1269
2022-04-25,15,1553
2022-04-25,16,1605
2022-04-25,17,3357
2022-04-25,18,3542
2022-04-25,19,2424
2022-04-25,20,1504
2022-04-25,21,1046
2022-04-25,22,785
2022-04-25,23,409
2022-04-26,0,86
2022-04-26,1,10
2022-04-26,2,7
2022-04-26,3,7
2022-04-26,4,41
2022-04-26,5,164
2022-04-26,6,934
2022-04-26,7,2615
2022-04-26,8,4506
2022-04-26,9,2310
2022-04-26,10,1425
2022-04-26,11,1322
2022-04-26,12,1666
2022-04-26,13,1584
2022-04-26,14,1575
2022-04-26,15,1885
2022-04-26,16,2323
2022-04-26,17,4014
2022-04-26,18,4443
2022-04-26,19,2751
2022-04-26,20,1617
2022-04-26,21,1152
2022-04-26,22,1027
2022-04-26,23,490
2022-04-27,0,238
2022-04-27,1,134
2022-04-27,2,68
2022-04-27,3,50
2022-04-27,4,66
2022-04-27,5,173
2022-04-27,6,891
2022-04-27,7,2545
2022-04-27,8,4268
2022-04-27,9,2220
2022-04-27,10,1361
2022-04-27,11,1292
2022-04-27,12,1433
2022-04-27,13,1427
2022-04-27,14,1360
2022-04-27,15,1572
2022-04-27,16,2123
2022-04-27,17,3727
2022-04-27,18,3977
2022-04-27,19,2584
2022-04-27,20,1560
2022-04-27,21,1086
2022-04-27,22,936
2022-04-27,23,611
2022-04-28,0,290
2022-04-28,1,201
2022-04-28,2,102
2022-04-28,3,72
2022-04-28,4,73
2022-04-28,5,189
2022-04-28,6,835
2022-04-28,7,2571
2022-04-28,8,4441
2022-04-28,9,2302
2022-04-28,10,1436
2022-04-28,11,1337
2022-04-28,12,1472
2022-04-28,13,1530
2022-04-28,14,1492
2022-04-28,15,1628
2022-04-28,16,2280
2022-04-28,17,3680
2022-04-28,18,3768
2022-04-28,19,2523
2022-04-28,20,1653
2022-04-28,21,1211
2022-04-28,22,1021
2022-04-28,23,743
2022-04-29,0,380
2022-04-29,1,220
2022-04-29,2,128
2022-04-29,3,99
2022-04-29,4,97
2022-04-29,5,158
2022-04-29,6,637
2022-04-29,7,1715
2022-04-29,8,2837
2022-04-29,9,1792
2022-04-29,10,1336
2022-04-29,11,1325
2022-04-29,12,1605
2022-04-29,13,1643
2022-04-29,14,1639
2022-04-29,15,1859
2022-04-29,16,2218
2022-04-29,17,3093
2022-04-29,18,2925
2022-04-29,19,2203
2022-04-29,20,1480
2022-04-29,21,1005
2022-04-29,22,973
2022-04-29,23,859
2022-04-30,0,588
2022-04-30,1,455
2022-04-30,2,323
2022-04-30,3,262
2022-04-30,4,160
2022-04-30,5,146
2022-04-30,6,205
2022-04-30,7,469
2022-04-30,8,881
2022-04-30,9,1563
2022-04-30,10,2191
2022-04-30,11,2940
2022-04-30,12,3162
2022-04-30,13,3552
2022-04-30,14,3652
2022-04-30,15,3723
2022-04-30,16,3834
2022-04-30,17,3554
2022-04-30,18,3236
2022-04-30,19,2591
2022-04-30,20,1645
2022-04-30,21,1327
2022-04-30,22,1167
2022-04-30,23,1050
2022-05-01,0,748
2022-05-01,1,614
2022-05-01,2,441
2022-05-01,3,321
2022-05-01,4,170
2022-05-01,5,133
2022-05-01,6,180
2022-05-01,7,317
2022-05-01,8,599
2022-05-01,9,1173
2022-05-01,10,1884
2022-05-01,11,2401
2022-05-01,12,2340
2022-05-01,13,2027
2022-05-01,14,2178
2022-05-01,15,2275
2022-05-01,16,2308
2022-05-01,17,2068
2022-05-01,18,2017
2022-05-01,19,1580
2022-05-01,20,1109
2022-05-01,21,912
2022-05-01,22,859
2022-05-01,23,776
2022-05-02,0,564
2022-05-02,1,414
2022-05-02,2,255
2022-05-02,3,170
2022-05-02,4,128
2022-05-02,5,104
2022-05-02,6,222
2022-05-02,7,453
2022-05-02,8,786
2022-05-02,9,1339
2022-05-02,10,1923
2022-05-02,11,2402
2022-05-02,12,2904
2022-05-02,13,2917
2022-05-02,14,3147
2022-05-02,15,3178
2022-05-02,16,3162
2022-05-02,17,2974
2022-05-02,18,2657
2022-05-02,19,2148
2022-05-02,20,1509
2022-05-02,21,1089
2022-05-02,22,953
2022-05-02,23,579
2022-05-03,0,373
2022-05-03,1,203
2022-05-03,2,104
2022-05-03,3,51
2022-05-03,4,63
2022-05-03,5,185
2022-05-03,6,807
2022-05-03,7,2382
2022-05-03,8,3980
2022-05-03,9,2114
2022-05-03,10,1367
2022-05-03,11,1301
2022-05-03,12,1524
2022-05-03,13,1528
2022-05-03,14,1481
2022-05-03,15,1813
2022-05-03,16,2330
2022-05-03,17,4076
2022-05-03,18,4317
2022-05-03,19,2822
2022-05-03,20,1856
2022-05-03,21,1229
2022-05-03,22,918
2022-05-03,23,408
2022-05-04,0,256
2022-05-04,1,156
2022-05-04,2,72
2022-05-04,3,52
2022-05-04,4,69
2022-05-04,5,191
2022-05-04,6,858
2022-05-04,7,2596
2022-05-04,8,4546
2022-05-04,9,2395
2022-05-04,10,1456
2022-05-04,11,1343
2022-05-04,12,1452
2022-05-04,13,1554
2022-05-04,14,1505
2022-05-04,15,1655
2022-05-04,16,2325
2022-05-04,17,2196
2022-05-04,18,2912
2022-05-04,19,2377
2022-05-04,20,1495
2022-05-04,21,1086
2022-05-04,22,1035
2022-05-04,23,673
2022-05-05,0,273
2022-05-05,1,150
2022-05-05,2,85
2022-05-05,3,48
2022-05-05,4,77
2022-05-05,5,204
2022-05-05,6,921
2022-05-05,7,2564
2022-05-05,8,4545
2022-05-05,9,2359
2022-05-05,10,1540
2022-05-05,11,1509
2022-05-05,12,1771
2022-05-05,13,1806
2022-05-05,14,1659
2022-05-05,15,1856
2022-05-05,16,2667
2022-05-05,17,4329
2022-05-05,18,4621
2022-05-05,19,3192
2022-05-05,20,2102
2022-05-05,21,1596
2022-05-05,22,1354
2022-05-05,23,922
2022-05-06,0,451
2022-05-06,1,253
2022-05-06,2,161
2022-05-06,3,91
2022-05-06,4,108
2022-05-06,5,184
2022-05-06,6,750
2022-05-06,7,2035
2022-05-06,8,3341
2022-05-06,9,2142
2022-05-06,10,1604
2022-05-06,11,1879
2022-05-06,12,2179
2022-05-06,13,2313
2022-05-06,14,2206
2022-05-06,15,2521
2022-05-06,16,2962
2022-05-06,17,3996
2022-05-06,18,3830
2022-05-06,19,2786
2022-05-06,20,1963
2022-05-06,21,1396
2022-05-06,22,1242
2022-05-06,23,1052
2022-05-07,0,591
2022-05-07,1,360
2022-05-07,2,326
2022-05-07,3,198
2022-05-07,4,136
2022-05-07,5,113
2022-05-07,6,208
2022-05-07,7,489
2022-05-07,8,948
2022-05-07,9,1512
2022-05-07,10,2303
2022-05-07,11,2783
2022-05-07,12,2994
2022-05-07,13,3209
2022-05-07,14,3252
2022-05-07,15,3397
2022-05-07,16,3378
2022-05-07,17,3465
2022-05-07,18,3245
2022-05-07,19,2734
2022-05-07,20,2014
2022-05-07,21,1334
2022-05-07,22,1290
2022-05-07,23,997
2022-05-08,0,819
2022-05-08,1,609
2022-05-08,2,411
2022-05-08,3,272
2022-05-08,4,189
2022-05-08,5,116
2022-05-08,6,174
2022-05-08,7,292
2022-05-08,8,695
2022-05-08,9,1428
2022-05-08,10,2287
2022-05-08,11,3059
2022-05-08,12,3697
2022-05-08,13,3897
2022-05-08,14,3873
2022-05-08,15,4094
2022-05-08,16,3955
2022-05-08,17,3784
2022-05-08,18,3515
2022-05-08,19,2712
2022-05-08,20,1751
2022-05-08,21,1041
2022-05-08,22,761
2022-05-08,23,472
2022-05-09,0,252
2022-05-09,1,146
2022-05-09,2,79
2022-05-09,3,67
2022-05-09,4,80
2022-05-09,5,167
2022-05-09,6,774
2022-05-09,7,2245
2022-05-09,8,3889
2022-05-09,9,2166
2022-05-09,10,1332
2022-05-09,11,1324
2022-05-09,12,1574
2022-05-09,13,1593
2022-05-09,14,1586
2022-05-09,15,1885
2022-05-09,16,2457
2022-05-09,17,4123
2022-05-09,18,4390
2022-05-09,19,2857
2022-05-09,20,1809
2022-05-09,21,1230
2022-05-09,22,964
2022-05-09,23,564
2022-05-10,0,271
2022-05-10,1,186
2022-05-10,2,90
2022-05-10,3,56
2022-05-10,4,75
2022-05-10,5,218
2022-05-10,6,981
2022-05-10,7,2562
2022-05-10,8,4396
2022-05-10,9,2274
2022-05-10,10,1224
2022-05-10,11,1017
2022-05-10,12,1375
2022-05-10,13,1425
2022-05-10,14,1522
2022-05-10,15,1850
2022-05-10,16,2535
2022-05-10,17,4367
2022-05-10,18,4804
2022-05-10,19,3056
2022-05-10,20,1887
2022-05-10,21,1318
2022-05-10,22,1062
2022-05-10,23,437
2022-05-11,0,253
2022-05-11,1,164
2022-05-11,2,95
2022-05-11,3,56
2022-05-11,4,60
2022-05-11,5,222
2022-05-11,6,1001
2022-05-11,7,2739
2022-05-11,8,4858
2022-05-11,9,2418
2022-05-11,10,1415
2022-05-11,11,1198
2022-05-11,12,965
2022-05-11,13,884
2022-05-11,14,624
2022-05-11,15,804
2022-05-11,16,1106
2022-05-11,17,1915
2022-05-11,18,3268
2022-05-11,19,2501
2022-05-11,20,1712
2022-05-11,21,1254
2022-05-11,22,1154
2022-05-11,23,748
2022-05-12,0,310
2022-05-12,1,144
2022-05-12,2,122
2022-05-12,3,70
2022-05-12,4,88
2022-05-12,5,179
2022-05-12,6,904
2022-05-12,7,2683
2022-05-12,8,4592
2022-05-12,9,2437
2022-05-12,10,1461
2022-05-12,11,1462
2022-05-12,12,1783
2022-05-12,13,1687
2022-05-12,14,1634
2022-05-12,15,1939
2022-05-12,16,2390
2022-05-12,17,4011
2022-05-12,18,4303
2022-05-12,19,2956
2022-05-12,20,1894
2022-05-12,21,1562
2022-05-12,22,1213
2022-05-12,23,883
2022-05-13,0,426
2022-05-13,1,270
2022-05-13,2,165
2022-05-13,3,132
2022-05-13,4,91
2022-05-13,5,171
2022-05-13,6,715
2022-05-13,7,1925
2022-05-13,8,3133
2022-05-13,9,2024
2022-05-13,10,1413
2022-05-13,11,1559
2022-05-13,12,1824
2022-05-13,13,2025
2022-05-13,14,2072
2022-05-13,15,2381
2022-05-13,16,2891
2022-05-13,17,4021
2022-05-13,18,4109
2022-05-13,19,3110
2022-05-13,20,2275
2022-05-13,21,1567
2022-05-13,22,1380
2022-05-13,23,1109
2022-05-14,0,768
2022-05-14,1,554
2022-05-14,2,389
2022-05-14,3,269
2022-05-14,4,158
2022-05-14,5,129
2022-05-14,6,224
2022-05-14,7,440
2022-05-14,8,1054
2022-05-14,9,1740
2022-05-14,10,2589
2022-05-14,11,3402
2022-05-14,12,4039
2022-05-14,13,4363
2022-05-14,14,4487
2022-05-14,15,4669
2022-05-14,16,4580
2022-05-14,17,4227
2022-05-14,18,3979
2022-05-14,19,3595
2022-05-14,20,2743
2022-05-14,21,2036
2022-05-14,22,1603
2022-05-14,23,1364
2022-05-15,0,1195
2022-05-15,1,777
2022-05-15,2,464
2022-05-15,3,304
2022-05-15,4,192
2022-05-15,5,145
2022-05-15,6,181
2022-05-15,7,239
2022-05-15,8,633
2022-05-15,9,1131
2022-05-15,10,1790
2022-05-15,11,2228
2022-05-15,12,1829
2022-05-15,13,1688
2022-05-15,14,989
2022-05-15,15,1086
2022-05-15,16,1258
2022-05-15,17,978
2022-05-15,18,1375
2022-05-15,19,1376
2022-05-15,20,1155
2022-05-15,21,769
2022-05-15,22,610
2022-05-15,23,331
2022-05-16,0,185
2022-05-16,1,112
2022-05-16,2,63
2022-05-16,3,48
2022-05-16,4,76
2022-05-16,5,174
2022-05-16,6,813
2022-05-16,7,2085
2022-05-16,8,3596
2022-05-16,9,1994
2022-05-16,10,1351
2022-05-16,11,1290
2022-05-16,12,1661
2022-05-16,13,1657
2022-05-16,14,1629
2022-05-16,15,1737
2022-05-16,16,2309
2022-05-16,17,4031
2022-05-16,18,4174
2022-05-16,19,3049
2022-05-16,20,1901
2022-05-16,21,1353
2022-05-16,22,931
2022-05-16,23,191
2022-05-17,0,309
2022-05-17,1,152
2022-05-17,2,68
2022-05-17,3,63
2022-05-17,4,78
2022-05-17,5,198
2022-05-17,6,1032
2022-05-17,7,2821
2022-05-17,8,4593
2022-05-17,9,2399
2022-05-17,10,1491
2022-05-17,11,1509
2022-05-17,12,1850
2022-05-17,13,1905
2022-05-17,14,1881
2022-05-17,15,2156
2022-05-17,16,2912
2022-05-17,17,5025
2022-05-17,18,5613
2022-05-17,19,3431
2022-05-17,20,2299
2022-05-17,21,1509
2022-05-17,22,1155
2022-05-17,23,658
2022-05-18,0,301
2022-05-18,1,161
2022-05-18,2,102
2022-05-18,3,74
2022-05-18,4,70
2022-05-18,5,216
2022-05-18,6,1012
2022-05-18,7,2663
2022-05-18,8,4716
2022-05-18,9,2452
2022-05-18,10,1603
2022-05-18,11,1621
2022-05-18,12,1877
2022-05-18,13,1852
2022-05-18,14,1839
2022-05-18,15,2176
2022-05-18,16,2832
2022-05-18,17,4608
2022-05-18,18,4981
2022-05-18,19,3270
2022-05-18,20,2171
2022-05-18,21,1495
2022-05-18,22,1191
2022-05-18,23,629
2022-05-19,0,149
2022-05-19,1,132
2022-05-19,2,74
2022-05-19,3,74
2022-05-19,4,71
2022-05-19,5,202
2022-05-19,6,899
2022-05-19,7,2230
2022-05-19,8,3977
2022-05-19,9,2440
2022-05-19,10,1530
2022-05-19,11,1601
2022-05-19,12,1885
2022-05-19,13,1882
2022-05-19,14,2007
2022-05-19,15,2222
2022-05-19,16,2815
2022-05-19,17,4475
2022-05-19,18,5065
2022-05-19,19,3288
2022-05-19,20,2392
2022-05-19,21,1692
2022-05-19,22,1460
2022-05-19,23,1017
2022-05-20,0,494
2022-05-20,1,277
2022-05-20,2,179
2022-05-20,3,108
2022-05-20,4,102
2022-05-20,5,176
2022-05-20,6,752
2022-05-20,7,1881
2022-05-20,8,2988
2022-05-20,9,1406
2022-05-20,10,548
2022-05-20,11,454
2022-05-20,12,754
2022-05-20,13,1029
2022-05-20,14,1526
2022-05-20,15,1891
2022-05-20,16,2395
2022-05-20,17,3450
2022-05-20,18,3378
2022-05-20,19,2421
2022-05-20,20,1594
2022-05-20,21,1234
2022-05-20,22,1023
2022-05-20,23,986
2022-05-21,0,724
2022-05-21,1,536
2022-05-21,2,372
2022-05-21,3,246
2022-05-21,4,169
2022-05-21,5,122
2022-05-21,6,236
2022-05-21,7,444
2022-05-21,8,915
2022-05-21,9,1696
2022-05-21,10,2259
2022-05-21,11,2929
2022-05-21,12,3400
2022-05-21,13,3622
2022-05-21,14,3667
2022-05-21,15,4019
2022-05-21,16,3850
2022-05-21,17,3813
2022-05-21,18,3402
2022-05-21,19,2922
2022-05-21,20,2249
2022-05-21,21,1668
2022-05-21,22,1314
2022-05-21,23,1217
2022-05-22,0,843
2022-05-22,1,682
2022-05-22,2,445
2022-05-22,3,328
2022-05-22,4,198
2022-05-22,5,141
2022-05-22,6,231
2022-05-22,7,458
2022-05-22,8,864
2022-05-22,9,1446
2022-05-22,10,2380
2022-05-22,11,3089
2022-05-22,12,3774
2022-05-22,13,4070
2022-05-22,14,3948
2022-05-22,15,4019
2022-05-22,16,3732
2022-05-22,17,3355
2022-05-22,18,3397
2022-05-22,19,2882
2022-05-22,20,2066
2022-05-22,21,1473
2022-05-22,22,979
2022-05-22,23,605
2022-05-23,0,386
2022-05-23,1,214
2022-05-23,2,111
2022-05-23,3,81
2022-05-23,4,77
2022-05-23,5,201
2022-05-23,6,793
2022-05-23,7,2216
2022-05-23,8,3642
2022-05-23,9,2038
2022-05-23,10,1362
2022-05-23,11,1366
2022-05-23,12,1488
2022-05-23,13,1190
2022-05-23,14,1258
2022-05-23,15,1478
2022-05-23,16,2178
2022-05-23,17,3765
2022-05-23,18,4108
2022-05-23,19,2625
2022-05-23,20,1746
2022-05-23,21,1146
2022-05-23,22,870
2022-05-23,23,399
2022-05-24,0,156
2022-05-24,1,66
2022-05-24,2,59
2022-05-24,3,49
2022-05-24,4,57
2022-05-24,5,121
2022-05-24,6,682
2022-05-24,7,2041
2022-05-24,8,3538
2022-05-24,9,1997
2022-05-24,10,1294
2022-05-24,11,1238
2022-05-24,12,1083
2022-05-24,13,1072
2022-05-24,14,1188
2022-05-24,15,1228
2022-05-24,16,2202
2022-05-24,17,3983
2022-05-24,18,3728
2022-05-24,19,2628
2022-05-24,20,1786
2022-05-24,21,1260
2022-05-24,22,956
2022-05-24,23,440
2022-05-25,0,262
2022-05-25,1,125
2022-05-25,2,63
2022-05-25,3,40
2022-05-25,4,71
2022-05-25,5,186
2022-05-25,6,924
2022-05-25,7,2588
2022-05-25,8,4434
2022-05-25,9,2331
2022-05-25,10,1291
2022-05-25,11,1143
2022-05-25,12,1398
2022-05-25,13,1537
2022-05-25,14,1377
2022-05-25,15,1454
2022-05-25,16,1871
2022-05-25,17,3931
2022-05-25,18,4139
2022-05-25,19,2859
2022-05-25,20,1854
2022-05-25,21,1415
2022-05-25,22,1149
2022-05-25,23,746
2022-05-26,0,350
2022-05-26,1,175
2022-05-26,2,102
2022-05-26,3,77
2022-05-26,4,80
2022-05-26,5,181
2022-05-26,6,892
2022-05-26,7,2631
2022-05-26,8,4416
2022-05-26,9,2404
2022-05-26,10,1495
2022-05-26,11,1448
2022-05-26,12,1772
2022-05-26,13,1675
2022-05-26,14,1776
2022-05-26,15,1990
2022-05-26,16,2663
2022-05-26,17,3869
2022-05-26,18,4124
2022-05-26,19,2815
2022-05-26,20,1803
2022-05-26,21,1455
2022-05-26,22,1190
2022-05-26,23,841
2022-05-27,0,466
2022-05-27,1,284
2022-05-27,2,172
2022-05-27,3,115
2022-05-27,4,120
2022-05-27,5,197
2022-05-27,6,682
2022-05-27,7,1805
2022-05-27,8,3053
2022-05-27,9,2091
2022-05-27,10,1740
2022-05-27,11,1864
2022-05-27,12,2264
2022-05-27,13,2413
2022-05-27,14,2365
2022-05-27,15,2641
2022-05-27,16,3311
2022-05-27,17,4330
2022-05-27,18,4105
2022-05-27,19,3186
2022-05-27,20,2326
2022-05-27,21,1659
2022-05-27,22,1362
2022-05-27,23,1254
2022-05-28,0,866
2022-05-28,1,607
2022-05-28,2,368
2022-05-28,3,215
2022-05-28,4,166
2022-05-28,5,162
2022-05-28,6,222
2022-05-28,7,479
2022-05-28,8,1013
2022-05-28,9,1799
2022-05-28,10,2393
2022-05-28,11,2899
2022-05-28,12,3146
2022-05-28,13,3235
2022-05-28,14,3404
2022-05-28,15,3311
2022-05-28,16,3632
2022-05-28,17,3312
2022-05-28,18,3178
2022-05-28,19,2520
2022-05-28,20,1497
2022-05-28,21,957
2022-05-28,22,1099
2022-05-28,23,1153
2022-05-29,0,775
2022-05-29,1,625
2022-05-29,2,406
2022-05-29,3,293
2022-05-29,4,250
2022-05-29,5,191
2022-05-29,6,235
2022-05-29,7,335
2022-05-29,8,667
2022-05-29,9,1353
2022-05-29,10,2258
2022-05-29,11,3013
2022-05-29,12,3358
2022-05-29,13,3459
2022-05-29,14,3220
2022-05-29,15,2948
2022-05-29,16,2995
2022-05-29,17,2796
2022-05-29,18,2799
2022-05-29,19,1956
2022-05-29,20,1589
2022-05-29,21,1206
2022-05-29,22,812
2022-05-29,23,531
2022-05-30,0,330
2022-05-30,1,190
2022-05-30,2,101
2022-05-30,3,83
2022-05-30,4,88
2022-05-30,5,176
2022-05-30,6,690
2022-05-30,7,1882
2022-05-30,8,3007
2022-05-30,9,1927
2022-05-30,10,1389
2022-05-30,11,1434
2022-05-30,12,1661
2022-05-30,13,1113
2022-05-30,14,1352
2022-05-30,15,1831
2022-05-30,16,2325
2022-05-30,17,3450
2022-05-30,18,1567
2022-05-30,19,1625
2022-05-30,20,1323
2022-05-30,21,1003
2022-05-30,22,770
2022-05-30,23,519
2022-05-31,0,302
2022-05-31,1,100
2022-05-31,2,77
2022-05-31,3,62
2022-05-31,4,81
2022-05-31,5,189
2022-05-31,6,798
2022-05-31,7,2142
2022-05-31,8,3649
2022-05-31,9,2031
2022-05-31,10,1505
2022-05-31,11,1418
2022-05-31,12,1064
2022-05-31,13,1029
2022-05-31,14,1123
2022-05-31,15,928
2022-05-31,16,1545
2022-05-31,17,2516
2022-05-31,18,2814
2022-05-31,19,2009
2022-05-31,20,1506
2022-05-31,21,1226
2022-05-31,22,883
2022-05-31,23,464
2022-06-01,0,414
2022-06-01,1,238
2022-06-01,2,119
2022-06-01,3,86
2022-06-01,4,120
2022-06-01,5,169
2022-06-01,6,712
2022-06-01,7,1851
2022-06-01,8,3064
2022-06-01,9,1947
2022-06-01,10,1386
2022-06-01,11,1451
2022-06-01,12,1637
2022-06-01,13,1818
2022-06-01,14,1860
2022-06-01,15,2066
2022-06-01,16,2652
2022-06-01,17,3719
2022-06-01,18,3775
2022-06-01,19,2836
2022-06-01,20,2033
2022-06-01,21,1473
2022-06-01,22,1327
2022-06-01,23,1009
2022-06-02,0,703
2022-06-02,1,491
2022-06-02,2,327
2022-06-02,3,224
2022-06-02,4,176
2022-06-02,5,164
2022-06-02,6,288
2022-06-02,7,600
2022-06-02,8,1034
2022-06-02,9,1664
2022-06-02,10,2102
2022-06-02,11,2670
2022-06-02,12,3129
2022-06-02,13,3603
2022-06-02,14,3600
2022-06-02,15,3632
2022-06-02,16,3742
2022-06-02,17,3759
2022-06-02,18,3616
2022-06-02,19,2873
2022-06-02,20,2210
2022-06-02,21,1819
2022-06-02,22,1400
2022-06-02,23,1013
2022-06-03,0,704
2022-06-03,1,533
2022-06-03,2,329
2022-06-03,3,233
2022-06-03,4,173
2022-06-03,5,163
2022-06-03,6,237
2022-06-03,7,429
2022-06-03,8,777
2022-06-03,9,1345
2022-06-03,10,2066
2022-06-03,11,2487
2022-06-03,12,3129
2022-06-03,13,3190
2022-06-03,14,3384
2022-06-03,15,3608
2022-06-03,16,3401
2022-06-03,17,3335
2022-06-03,18,3144
2022-06-03,19,2629
2022-06-03,20,1730
2022-06-03,21,1217
2022-06-03,22,1046
2022-06-03,23,860
2022-06-04,0,635
2022-06-04,1,487
2022-06-04,2,342
2022-06-04,3,184
2022-06-04,4,160
2022-06-04,5,132
2022-06-04,6,163
2022-06-04,7,298
2022-06-04,8,477
2022-06-04,9,831
2022-06-04,10,1282
2022-06-04,11,1715
2022-06-04,12,2452
2022-06-04,13,2762
2022-06-04,14,2854
2022-06-04,15,3263
2022-06-04,16,3224
2022-06-04,17,3051
2022-06-04,18,2691
2022-06-04,19,2181
2022-06-04,20,1645
2022-06-04,21,1183
2022-06-04,22,1332
2022-06-04,23,1042
2022-06-05,0,514
2022-06-05,1,285
2022-06-05,2,164
2022-06-05,3,97
2022-06-05,4,92
2022-06-05,5,102
2022-06-05,6,154
2022-06-05,7,217
2022-06-05,8,388
2022-06-05,9,791
2022-06-05,10,1247
2022-06-05,11,1503
2022-06-05,12,1880
2022-06-05,13,2074
2022-06-05,14,2108
2022-06-05,15,2225
2022-06-05,16,2177
2022-06-05,17,2285
2022-06-05,18,1933
2022-06-05,19,1408
2022-06-05,20,803
2022-06-05,21,237
2022-06-05,22,264
2022-06-05,23,240
2022-06-06,0,208
2022-06-06,1,109
2022-06-06,2,51
2022-06-06,3,61
2022-06-06,4,86
2022-06-06,5,195
2022-06-06,6,625
2022-06-06,7,2208
2022-06-06,8,3748
2022-06-06,9,2240
2022-06-06,10,1659
2022-06-06,11,1646
2022-06-06,12,1930
2022-06-06,13,1977
2022-06-06,14,2084
2022-06-06,15,2527
2022-06-06,16,3421
2022-06-06,17,5067
2022-06-06,18,4947
2022-06-06,19,3251
2022-06-06,20,2093
2022-06-06,21,1339
2022-06-06,22,963
2022-06-06,23,619
2022-06-07,0,285
2022-06-07,1,129
2022-06-07,2,85
2022-06-07,3,64
2022-06-07,4,63
2022-06-07,5,231
2022-06-07,6,1457
2022-06-07,7,3233
2022-06-07,8,4356
2022-06-07,9,2354
2022-06-07,10,1538
2022-06-07,11,1458
2022-06-07,12,1713
2022-06-07,13,1641
2022-06-07,14,1616
2022-06-07,15,1973
2022-06-07,16,2594
2022-06-07,17,4306
2022-06-07,18,4528
2022-06-07,19,2910
2022-06-07,20,1853
2022-06-07,21,1337
2022-06-07,22,976
2022-06-07,23,446
2022-06-08,0,256
2022-06-08,1,110
2022-06-08,2,70
2022-06-08,3,38
2022-06-08,4,47
2022-06-08,5,158
2022-06-08,6,918
2022-06-08,7,2518
2022-06-08,8,4259
2022-06-08,9,2332
2022-06-08,10,1392
2022-06-08,11,1457
2022-06-08,12,1703
2022-06-08,13,1755
2022-06-08,14,1692
2022-06-08,15,1983
2022-06-08,16,2643
2022-06-08,17,4395
2022-06-08,18,4421
2022-06-08,19,3104
2022-06-08,20,1996
2022-06-08,21,1676
2022-06-08,22,1089
2022-06-08,23,703
2022-06-09,0,398
2022-06-09,1,187
2022-06-09,2,83
2022-06-09,3,59
2022-06-09,4,96
2022-06-09,5,197
2022-06-09,6,877
2022-06-09,7,2631
2022-06-09,8,4710
2022-06-09,9,2685
2022-06-09,10,1536
2022-06-09,11,1572
2022-06-09,12,1739
2022-06-09,13,1784
2022-06-09,14,1736
2022-06-09,15,1907
2022-06-09,16,2469
2022-06-09,17,3591
2022-06-09,18,3677
2022-06-09,19,2623
2022-06-09,20,1748
2022-06-09,21,1453
2022-06-09,22,1134
2022-06-09,23,852
2022-06-10,0,488
2022-06-10,1,314
2022-06-10,2,159
2022-06-10,3,109
2022-06-10,4,89
2022-06-10,5,179
2022-06-10,6,751
2022-06-10,7,1956
2022-06-10,8,3122
2022-06-10,9,2092
2022-06-10,10,1601
2022-06-10,11,1644
2022-06-10,12,2033
2022-06-10,13,2097
2022-06-10,14,2105
2022-06-10,15,2275
2022-06-10,16,2899
2022-06-10,17,3949
2022-06-10,18,4008
2022-06-10,19,2986
2022-06-10,20,2109
2022-06-10,21,1574
2022-06-10,22,1242
2022-06-10,23,1106
2022-06-11,0,823
2022-06-11,1,620
2022-06-11,2,356
2022-06-11,3,248
2022-06-11,4,158
2022-06-11,5,135
2022-06-11,6,214
2022-06-11,7,504
2022-06-11,8,1062
2022-06-11,9,1663
2022-06-11,10,2297
2022-06-11,11,2889
2022-06-11,12,3235
2022-06-11,13,3756
2022-06-11,14,3756
2022-06-11,15,3828
2022-06-11,16,3766
2022-06-11,17,3679
2022-06-11,18,3351
2022-06-11,19,2850
2022-06-11,20,2172
2022-06-11,21,1631
2022-06-11,22,1395
2022-06-11,23,1136
2022-06-12,0,901
2022-06-12,1,565
2022-06-12,2,374
2022-06-12,3,250
2022-06-12,4,180
2022-06-12,5,153
2022-06-12,6,208
2022-06-12,7,345
2022-06-12,8,716
2022-06-12,9,1331
2022-06-12,10,2155
2022-06-12,11,2596
2022-06-12,12,3076
2022-06-12,13,3286
2022-06-12,14,3332
2022-06-12,15,3711
2022-06-12,16,3566
2022-06-12,17,3426
2022-06-12,18,3077
2022-06-12,19,2388
2022-06-12,20,1877
2022-06-12,21,1202
2022-06-12,22,949
2022-06-12,23,623
2022-06-13,0,280
2022-06-13,1,170
2022-06-13,2,95
2022-06-13,3,55
2022-06-13,4,81
2022-06-13,5,186
2022-06-13,6,837
2022-06-13,7,2396
2022-06-13,8,3737
2022-06-13,9,2223
2022-06-13,10,1455
2022-06-13,11,1449
2022-06-13,12,1772
2022-06-13,13,1726
2022-06-13,14,1778
2022-06-13,15,2010
2022-06-13,16,2648
2022-06-13,17,4348
2022-06-13,18,4519
2022-06-13,19,3246
2022-06-13,20,2211
2022-06-13,21,1589
2022-06-13,22,1151
2022-06-13,23,608
2022-06-14,0,316
2022-06-14,1,186
2022-06-14,2,106
2022-06-14,3,76
2022-06-14,4,102
2022-06-14,5,214
2022-06-14,6,1073
2022-06-14,7,2820
2022-06-14,8,4682
2022-06-14,9,2490
2022-06-14,10,1570
2022-06-14,11,1608
2022-06-14,12,1809
2022-06-14,13,1975
2022-06-14,14,1819
2022-06-14,15,2206
2022-06-14,16,2890
2022-06-14,17,4829
2022-06-14,18,5199
2022-06-14,19,3576
2022-06-14,20,2486
2022-06-14,21,1864
2022-06-14,22,1313
2022-06-14,23,617
2022-06-15,0,348
2022-06-15,1,192
2022-06-15,2,101
2022-06-15,3,49
2022-06-15,4,80
2022-06-15,5,207
2022-06-15,6,981
2022-06-15,7,2817
2022-06-15,8,4775
2022-06-15,9,2547
2022-06-15,10,1615
2022-06-15,11,1687
2022-06-15,12,1991
2022-06-15,13,2024
2022-06-15,14,2001
2022-06-15,15,2213
2022-06-15,16,3052
2022-06-15,17,4840
2022-06-15,18,5115
2022-06-15,19,3543
2022-06-15,20,2539
2022-06-15,21,2014
2022-06-15,22,1540
2022-06-15,23,944
2022-06-16,0,512
2022-06-16,1,260
2022-06-16,2,149
2022-06-16,3,93
2022-06-16,4,101
2022-06-16,5,201
2022-06-16,6,952
2022-06-16,7,2798
2022-06-16,8,4741
2022-06-16,9,2688
2022-06-16,10,1813
2022-06-16,11,1736
2022-06-16,12,2080
2022-06-16,13,1959
2022-06-16,14,1991
2022-06-16,15,2246
2022-06-16,16,2971
2022-06-16,17,4802
2022-06-16,18,4883
2022-06-16,19,3416
2022-06-16,20,2433
2022-06-16,21,1879
2022-06-16,22,1583
2022-06-16,23,1174
2022-06-17,0,626
2022-06-17,1,382
2022-06-17,2,206
2022-06-17,3,151
2022-06-17,4,137
2022-06-17,5,197
2022-06-17,6,830
2022-06-17,7,2002
2022-06-17,8,3215
2022-06-17,9,2260
2022-06-17,10,1747
2022-06-17,11,1947
2022-06-17,12,2299
2022-06-17,13,2337
2022-06-17,14,2441
2022-06-17,15,2758
2022-06-17,16,3471
2022-06-17,17,4662
2022-06-17,18,4468
2022-06-17,19,3631
2022-06-17,20,2765
2022-06-17,21,2507
2022-06-17,22,2106
2022-06-17,23,1655
2022-06-18,0,1318
2022-06-18,1,881
2022-06-18,2,508
2022-06-18,3,285
2022-06-18,4,261
2022-06-18,5,188
2022-06-18,6,231
2022-06-18,7,514
2022-06-18,8,1053
2022-06-18,9,1707
2022-06-18,10,2345
2022-06-18,11,2541
2022-06-18,12,2652
2022-06-18,13,2715
2022-06-18,14,2776
2022-06-18,15,2607
2022-06-18,16,2626
2022-06-18,17,2582
2022-06-18,18,2031
2022-06-18,19,1657
2022-06-18,20,1249
2022-06-18,21,990
2022-06-18,22,742
2022-06-18,23,537
2022-06-19,0,547
2022-06-19,1,389
2022-06-19,2,296
2022-06-19,3,180
2022-06-19,4,148
2022-06-19,5,111
2022-06-19,6,190
2022-06-19,7,287
2022-06-19,8,625
2022-06-19,9,1182
2022-06-19,10,2003
2022-06-19,11,2472
2022-06-19,12,2671
2022-06-19,13,2808
2022-06-19,14,2784
2022-06-19,15,2868
2022-06-19,16,2991
2022-06-19,17,2935
2022-06-19,18,2301
2022-06-19,19,1180
2022-06-19,20,1011
2022-06-19,21,749
2022-06-19,22,624
2022-06-19,23,444
2022-06-20,0,264
2022-06-20,1,152
2022-06-20,2,66
2022-06-20,3,56
2022-06-20,4,84
2022-06-20,5,184
2022-06-20,6,817
2022-06-20,7,2395
2022-06-20,8,3944
2022-06-20,9,2177
2022-06-20,10,1532
2022-06-20,11,1634
2022-06-20,12,1881
2022-06-20,13,1986
2022-06-20,14,1953
2022-06-20,15,2387
2022-06-20,16,2869
2022-06-20,17,4623
2022-06-20,18,4791
2022-06-20,19,3392
2022-06-20,20,2380
2022-06-20,21,1531
2022-06-20,22,1014
2022-06-20,23,599
2022-06-21,0,273
2022-06-21,1,156
2022-06-21,2,88
2022-06-21,3,64
2022-06-21,4,90
2022-06-21,5,314
2022-06-21,6,1557
2022-06-21,7,3623
2022-06-21,8,5210
2022-06-21,9,3208
2022-06-21,10,2306
2022-06-21,11,2249
2022-06-21,12,2540
2022-06-21,13,2790
2022-06-21,14,2978
2022-06-21,15,3533
2022-06-21,16,4702
2022-06-21,17,6792
2022-06-21,18,7495
2022-06-21,19,5686
2022-06-21,20,3448
2022-06-21,21,2523
2022-06-21,22,1745
2022-06-21,23,824
2022-06-22,0,467
2022-06-22,1,214
2022-06-22,2,95
2022-06-22,3,76
2022-06-22,4,87
2022-06-22,5,328
2022-06-22,6,1452
2022-06-22,7,3935
2022-06-22,8,5304
2022-06-22,9,2975
2022-06-22,10,1855
2022-06-22,11,1887
2022-06-22,12,2208
2022-06-22,13,2332
2022-06-22,14,2246
2022-06-22,15,2601
2022-06-22,16,3252
2022-06-22,17,5126
2022-06-22,18,5712
2022-06-22,19,4045
2022-06-22,20,2841
2022-06-22,21,2184
2022-06-22,22,1659
2022-06-22,23,1008
2022-06-23,0,442
2022-06-23,1,219
2022-06-23,2,126
2022-06-23,3,80
2022-06-23,4,99
2022-06-23,5,255
2022-06-23,6,991
2022-06-23,7,2427
2022-06-23,8,3758
2022-06-23,9,1428
2022-06-23,10,1328
2022-06-23,11,1588
2022-06-23,12,2007
2022-06-23,13,1952
2022-06-23,14,1997
2022-06-23,15,2372
2022-06-23,16,2902
2022-06-23,17,4211
2022-06-23,18,4618
2022-06-23,19,3452
2022-06-23,20,2378
2022-06-23,21,1938
2022-06-23,22,1597
2022-06-23,23,1177
2022-06-24,0,491
2022-06-24,1,263
2022-06-24,2,185
2022-06-24,3,100
2022-06-24,4,141
2022-06-24,5,168
2022-06-24,6,791
2022-06-24,7,1953
2022-06-24,8,3245
2022-06-24,9,2433
2022-06-24,10,1809
2022-06-24,11,2024
2022-06-24,12,2268
2022-06-24,13,2360
2022-06-24,14,2148
2022-06-24,15,2498
2022-06-24,16,3135
2022-06-24,17,3721
2022-06-24,18,3811
2022-06-24,19,2990
2022-06-24,20,1974
2022-06-24,21,1548
2022-06-24,22,1617
2022-06-24,23,1115
2022-06-25,0,905
2022-06-25,1,626
2022-06-25,2,427
2022-06-25,3,251
2022-06-25,4,187
2022-06-25,5,184
2022-06-25,6,241
2022-06-25,7,504
2022-06-25,8,914
2022-06-25,9,1770
2022-06-25,10,2437
2022-06-25,11,3094
2022-06-25,12,3509
2022-06-25,13,3852
2022-06-25,14,3737
2022-06-25,15,3964
2022-06-25,16,3961
2022-06-25,17,3692
2022-06-25,18,3400
2022-06-25,19,2694
2022-06-25,20,1904
2022-06-25,21,1425
2022-06-25,22,1812
2022-06-25,23,1532
2022-06-26,0,1059
2022-06-26,1,684
2022-06-26,2,425
2022-06-26,3,290
2022-06-26,4,207
2022-06-26,5,160
2022-06-26,6,243
2022-06-26,7,371
2022-06-26,8,653
2022-06-26,9,1351
2022-06-26,10,2221
2022-06-26,11,2715
2022-06-26,12,3233
2022-06-26,13,3536
2022-06-26,14,3597
2022-06-26,15,3603
2022-06-26,16,3533
2022-06-26,17,3441
2022-06-26,18,3060
2022-06-26,19,2502
2022-06-26,20,1848
2022-06-26,21,1445
2022-06-26,22,1364
2022-06-26,23,745
2022-06-27,0,392
2022-06-27,1,215
2022-06-27,2,101
2022-06-27,3,65
2022-06-27,4,94
2022-06-27,5,191
2022-06-27,6,876
2022-06-27,7,2393
2022-06-27,8,3872
2022-06-27,9,2108
2022-06-27,10,1499
2022-06-27,11,1456
2022-06-27,12,1389
2022-06-27,13,1655
2022-06-27,14,1491
2022-06-27,15,884
2022-06-27,16,2249
2022-06-27,17,4046
2022-06-27,18,4181
2022-06-27,19,2851
2022-06-27,20,2039
2022-06-27,21,1388
2022-06-27,22,986
2022-06-27,23,550
2022-06-28,0,117
2022-06-28,1,14
2022-06-28,2,5
2022-06-28,3,2
2022-06-28,4,79
2022-06-28,5,214
2022-06-28,6,1029
2022-06-28,7,2873
2022-06-28,8,4740
2022-06-28,9,2515
2022-06-28,10,1654
2022-06-28,11,1569
2022-06-28,12,1879
2022-06-28,13,1842
2022-06-28,14,1884
2022-06-28,15,2188
2022-06-28,16,2964
2022-06-28,17,4734
2022-06-28,18,4851
2022-06-28,19,3254
2022-06-28,20,2316
2022-06-28,21,1695
2022-06-28,22,1175
2022-06-28,23,641
2022-06-29,0,421
2022-06-29,1,184
2022-06-29,2,90
2022-06-29,3,61
2022-06-29,4,90
2022-06-29,5,227
2022-06-29,6,884
2022-06-29,7,2741
2022-06-29,8,4504
2022-06-29,9,2092
2022-06-29,10,878
2022-06-29,11,1221
2022-06-29,12,1585
2022-06-29,13,1769
2022-06-29,14,1830
2022-06-29,15,2139
2022-06-29,16,2772
2022-06-29,17,4364
2022-06-29,18,4524
2022-06-29,19,3242
2022-06-29,20,2174
2022-06-29,21,1608
2022-06-29,22,1177
2022-06-29,23,739
2022-06-30,0,301
2022-06-30,1,199
2022-06-30,2,110
2022-06-30,3,75
2022-06-30,4,96
2022-06-30,5,211
2022-06-30,6,923
2022-06-30,7,2640
2022-06-30,8,4471
2022-06-30,9,2529
2022-06-30,10,1575
2022-06-30,11,1645
2022-06-30,12,1915
2022-06-30,13,1906
2022-06-30,14,1954
2022-06-30,15,2139
2022-06-30,16,2660
2022-06-30,17,4244
2022-06-30,18,4484
2022-06-30,19,1969
2022-06-30,20,1677
2022-06-30,21,1416
2022-06-30,22,1166
2022-06-30,23,903
2022-07-01,0,576
2022-07-01,1,395
2022-07-01,2,207
2022-07-01,3,154
2022-07-01,4,125
2022-07-01,5,179
2022-07-01,6,717
2022-07-01,7,1856
2022-07-01,8,3172
2022-07-01,9,2062
2022-07-01,10,1633
2022-07-01,11,1882
2022-07-01,12,1852
2022-07-01,13,2031
2022-07-01,14,2155
2022-07-01,15,2323
2022-07-01,16,2955
2022-07-01,17,3933
2022-07-01,18,3509
2022-07-01,19,2853
2022-07-01,20,1946
2022-07-01,21,1607
2022-07-01,22,1565
2022-07-01,23,1247
2022-07-02,0,883
2022-07-02,1,594
2022-07-02,2,389
2022-07-02,3,278
2022-07-02,4,193
2022-07-02,5,122
2022-07-02,6,225
2022-07-02,7,507
2022-07-02,8,987
2022-07-02,9,1619
2022-07-02,10,2227
2022-07-02,11,2839
2022-07-02,12,3149
2022-07-02,13,3338
2022-07-02,14,3266
2022-07-02,15,3180
2022-07-02,16,3145
2022-07-02,17,3157
2022-07-02,18,3169
2022-07-02,19,2692
2022-07-02,20,1896
2022-07-02,21,1474
2022-07-02,22,1378
2022-07-02,23,1182
2022-07-03,0,938
2022-07-03,1,652
2022-07-03,2,445
2022-07-03,3,324
2022-07-03,4,209
2022-07-03,5,161
2022-07-03,6,186
2022-07-03,7,341
2022-07-03,8,638
2022-07-03,9,1204
2022-07-03,10,1971
2022-07-03,11,2549
2022-07-03,12,3031
2022-07-03,13,3258
2022-07-03,14,3358
2022-07-03,15,3099
2022-07-03,16,3010
2022-07-03,17,2861
2022-07-03,18,2726
2022-07-03,19,2215
2022-07-03,20,1780
2022-07-03,21,1393
2022-07-03,22,1247
2022-07-03,23,730
2022-07-04,0,380
2022-07-04,1,157
2022-07-04,2,124
2022-07-04,3,69
2022-07-04,4,86
2022-07-04,5,203
2022-07-04,6,790
2022-07-04,7,2282
2022-07-04,8,3775
2022-07-04,9,2178
2022-07-04,10,1555
2022-07-04,11,1611
2022-07-04,12,1887
2022-07-04,13,2116
2022-07-04,14,1975
2022-07-04,15,2329
2022-07-04,16,2835
2022-07-04,17,4323
2022-07-04,18,4480
2022-07-04,19,3038
2022-07-04,20,2246
2022-07-04,21,1578
2022-07-04,22,1089
2022-07-04,23,650
2022-07-05,0,340
2022-07-05,1,188
2022-07-05,2,81
2022-07-05,3,61
2022-07-05,4,77
2022-07-05,5,233
2022-07-05,6,1024
2022-07-05,7,2864
2022-07-05,8,4628
2022-07-05,9,2497
2022-07-05,10,1665
2022-07-05,11,1538
2022-07-05,12,1867
2022-07-05,13,1955
2022-07-05,14,1838
2022-07-05,15,2040
2022-07-05,16,2825
2022-07-05,17,4626
2022-07-05,18,4707
2022-07-05,19,3289
2022-07-05,20,2313
2022-07-05,21,1691
2022-07-05,22,1251
2022-07-05,23,545
2022-07-06,0,322
2022-07-06,1,177
2022-07-06,2,82
2022-07-06,3,75
2022-07-06,4,79
2022-07-06,5,220
2022-07-06,6,929
2022-07-06,7,2810
2022-07-06,8,4608
2022-07-06,9,2736
2022-07-06,10,1611
2022-07-06,11,1544
2022-07-06,12,1918
2022-07-06,13,1825
2022-07-06,14,1882
2022-07-06,15,2097
2022-07-06,16,2893
2022-07-06,17,4669
2022-07-06,18,4771
2022-07-06,19,3128
2022-07-06,20,2280
2022-07-06,21,1992
2022-07-06,22,1517
2022-07-06,23,867
2022-07-07,0,444
2022-07-07,1,213
2022-07-07,2,109
2022-07-07,3,77
2022-07-07,4,103
2022-07-07,5,202
2022-07-07,6,874
2022-07-07,7,2516
2022-07-07,8,4472
2022-07-07,9,2513
2022-07-07,10,1690
2022-07-07,11,1696
2022-07-07,12,1813
2022-07-07,13,1943
2022-07-07,14,1990
2022-07-07,15,2235
2022-07-07,16,2873
2022-07-07,17,4614
2022-07-07,18,4780
2022-07-07,19,3212
2022-07-07,20,2540
2022-07-07,21,1937
2022-07-07,22,1652
2022-07-07,23,1166
2022-07-08,0,658
2022-07-08,1,370
2022-07-08,2,211
2022-07-08,3,137
2022-07-08,4,129
2022-07-08,5,195
2022-07-08,6,706
2022-07-08,7,1898
2022-07-08,8,3043
2022-07-08,9,2167
2022-07-08,10,1708
2022-07-08,11,1783
2022-07-08,12,2269
2022-07-08,13,2370
2022-07-08,14,2329
2022-07-08,15,2679
2022-07-08,16,3065
2022-07-08,17,3978
2022-07-08,18,4089
2022-07-08,19,3071
2022-07-08,20,2343
2022-07-08,21,1805
2022-07-08,22,1760
2022-07-08,23,1560
2022-07-09,0,1040
2022-07-09,1,781
2022-07-09,2,480
2022-07-09,3,289
2022-07-09,4,234
2022-07-09,5,156
2022-07-09,6,250
2022-07-09,7,523
2022-07-09,8,932
2022-07-09,9,1644
2022-07-09,10,2183
2022-07-09,11,2787
2022-07-09,12,3340
2022-07-09,13,3550
2022-07-09,14,3477
2022-07-09,15,3626
2022-07-09,16,3539
2022-07-09,17,3465
2022-07-09,18,3504
2022-07-09,19,2963
2022-07-09,20,2559
2022-07-09,21,2036
2022-07-09,22,1792
2022-07-09,23,1416
2022-07-10,0,1079
2022-07-10,1,760
2022-07-10,2,530
2022-07-10,3,348
2022-07-10,4,248
2022-07-10,5,152
2022-07-10,6,228
2022-07-10,7,380
2022-07-10,8,739
2022-07-10,9,1350
2022-07-10,10,2226
2022-07-10,11,2874
2022-07-10,12,3458
2022-07-10,13,3644
2022-07-10,14,3316
2022-07-10,15,3087
2022-07-10,16,3125
2022-07-10,17,3549
2022-07-10,18,3358
2022-07-10,19,2845
2022-07-10,20,2293
2022-07-10,21,1845
2022-07-10,22,1431
2022-07-10,23,837
2022-07-11,0,429
2022-07-11,1,250
2022-07-11,2,147
2022-07-11,3,106
2022-07-11,4,99
2022-07-11,5,231
2022-07-11,6,832
2022-07-11,7,2252
2022-07-11,8,3674
2022-07-11,9,2130
2022-07-11,10,1455
2022-07-11,11,1533
2022-07-11,12,1873
2022-07-11,13,1960
2022-07-11,14,1887
2022-07-11,15,2147
2022-07-11,16,2856
2022-07-11,17,4475
2022-07-11,18,4637
2022-07-11,19,3394
2022-07-11,20,2438
2022-07-11,21,1714
2022-07-11,22,1129
2022-07-11,23,694
2022-07-12,0,350
2022-07-12,1,171
2022-07-12,2,96
2022-07-12,3,57
2022-07-12,4,90
2022-07-12,5,221
2022-07-12,6,1006
2022-07-12,7,2764
2022-07-12,8,4529
2022-07-12,9,2536
2022-07-12,10,1543
2022-07-12,11,1575
2022-07-12,12,1734
2022-07-12,13,1886
2022-07-12,14,1984
2022-07-12,15,2171
2022-07-12,16,2831
2022-07-12,17,4696
2022-07-12,18,4931
2022-07-12,19,3321
2022-07-12,20,2356
2022-07-12,21,1704
2022-07-12,22,1292
2022-07-12,23,577
2022-07-13,0,413
2022-07-13,1,224
2022-07-13,2,117
2022-07-13,3,79
2022-07-13,4,86
2022-07-13,5,232
2022-07-13,6,1023
2022-07-13,7,2736
2022-07-13,8,4547
2022-07-13,9,2447
2022-07-13,10,1702
2022-07-13,11,1614
2022-07-13,12,1838
2022-07-13,13,1928
2022-07-13,14,1782
2022-07-13,15,2086
2022-07-13,16,2783
2022-07-13,17,4873
2022-07-13,18,5056
2022-07-13,19,3632
2022-07-13,20,2496
2022-07-13,21,2073
2022-07-13,22,1580
2022-07-13,23,982
2022-07-14,0,453
2022-07-14,1,196
2022-07-14,2,133
2022-07-14,3,73
2022-07-14,4,86
2022-07-14,5,217
2022-07-14,6,977
2022-07-14,7,2620
2022-07-14,8,4490
2022-07-14,9,2553
2022-07-14,10,1719
2022-07-14,11,1666
2022-07-14,12,1829
2022-07-14,13,1878
2022-07-14,14,1948
2022-07-14,15,2247
2022-07-14,16,2725
2022-07-14,17,4486
2022-07-14,18,4832
2022-07-14,19,3534
2022-07-14,20,2611
2022-07-14,21,2017
2022-07-14,22,1494
2022-07-14,23,1062
2022-07-15,0,535
2022-07-15,1,324
2022-07-15,2,188
2022-07-15,3,123
2022-07-15,4,123
2022-07-15,5,207
2022-07-15,6,798
2022-07-15,7,1881
2022-07-15,8,3105
2022-07-15,9,2218
2022-07-15,10,1669
2022-07-15,11,1924
2022-07-15,12,2265
2022-07-15,13,2407
2022-07-15,14,2381
2022-07-15,15,2652
2022-07-15,16,3178
2022-07-15,17,4134
2022-07-15,18,4094
2022-07-15,19,3090
2022-07-15,20,2468
2022-07-15,21,1913
2022-07-15,22,1499
2022-07-15,23,1403
2022-07-16,0,1009
2022-07-16,1,665
2022-07-16,2,458
2022-07-16,3,303
2022-07-16,4,239
2022-07-16,5,176
2022-07-16,6,276
2022-07-16,7,570
2022-07-16,8,1037
2022-07-16,9,1672
2022-07-16,10,2403
2022-07-16,11,2921
2022-07-16,12,3179
2022-07-16,13,3463
2022-07-16,14,3437
2022-07-16,15,3671
2022-07-16,16,3751
2022-07-16,17,3973
2022-07-16,18,3567
2022-07-16,19,3075
2022-07-16,20,2542
2022-07-16,21,1971
2022-07-16,22,1798
2022-07-16,23,1543
2022-07-17,0,1103
2022-07-17,1,711
2022-07-17,2,541
2022-07-17,3,339
2022-07-17,4,220
2022-07-17,5,169
2022-07-17,6,269
2022-07-17,7,396
2022-07-17,8,792
2022-07-17,9,1357
2022-07-17,10,2076
2022-07-17,11,2540
2022-07-17,12,2846
2022-07-17,13,3160
2022-07-17,14,3113
2022-07-17,15,3238
2022-07-17,16,3174
2022-07-17,17,3123
2022-07-17,18,2955
2022-07-17,19,2533
2022-07-17,20,2115
2022-07-17,21,1745
2022-07-17,22,1174
2022-07-17,23,670
2022-07-18,0,428
2022-07-18,1,217
2022-07-18,2,117
2022-07-18,3,114
2022-07-18,4,123
2022-07-18,5,234
2022-07-18,6,934
2022-07-18,7,2240
2022-07-18,8,3541
2022-07-18,9,2015
2022-07-18,10,1379
2022-07-18,11,1426
2022-07-18,12,1545
2022-07-18,13,1546
2022-07-18,14,1480
2022-07-18,15,1775
2022-07-18,16,2276
2022-07-18,17,3601
2022-07-18,18,4088
2022-07-18,19,3114
2022-07-18,20,2342
2022-07-18,21,1758
2022-07-18,22,1244
2022-07-18,23,860
2022-07-19,0,497
2022-07-19,1,272
2022-07-19,2,143
2022-07-19,3,127
2022-07-19,4,124
2022-07-19,5,240
2022-07-19,6,996
2022-07-19,7,2452
2022-07-19,8,3721
2022-07-19,9,2007
2022-07-19,10,1247
2022-07-19,11,1266
2022-07-19,12,1337
2022-07-19,13,1346
2022-07-19,14,1262
2022-07-19,15,1441
2022-07-19,16,1985
2022-07-19,17,3460
2022-07-19,18,4103
2022-07-19,19,3148
2022-07-19,20,2024
2022-07-19,21,1398
2022-07-19,22,1173
2022-07-19,23,563
2022-07-20,0,381
2022-07-20,1,224
2022-07-20,2,110
2022-07-20,3,55
2022-07-20,4,74
2022-07-20,5,213
2022-07-20,6,942
2022-07-20,7,2453
2022-07-20,8,4213
2022-07-20,9,2397
2022-07-20,10,1457
2022-07-20,11,1464
2022-07-20,12,1668
2022-07-20,13,1746
2022-07-20,14,1777
2022-07-20,15,2019
2022-07-20,16,2675
2022-07-20,17,4458
2022-07-20,18,4613
2022-07-20,19,3187
2022-07-20,20,2105
2022-07-20,21,1529
2022-07-20,22,1285
2022-07-20,23,679
2022-07-21,0,326
2022-07-21,1,160
2022-07-21,2,97
2022-07-21,3,77
2022-07-21,4,85
2022-07-21,5,221
2022-07-21,6,911
2022-07-21,7,2514
2022-07-21,8,4422
2022-07-21,9,2457
2022-07-21,10,1597
2022-07-21,11,1474
2022-07-21,12,1858
2022-07-21,13,1929
2022-07-21,14,1874
2022-07-21,15,2050
2022-07-21,16,2799
2022-07-21,17,4126
2022-07-21,18,4409
2022-07-21,19,2938
2022-07-21,20,1903
2022-07-21,21,1427
2022-07-21,22,1244
2022-07-21,23,192
2022-07-22,0,52
2022-07-22,1,369
2022-07-22,2,215
2022-07-22,3,127
2022-07-22,4,128
2022-07-22,5,196
2022-07-22,6,780
2022-07-22,7,1657
2022-07-22,8,2970
2022-07-22,9,2008
2022-07-22,10,1551
2022-07-22,11,1654
2022-07-22,12,2049
2022-07-22,13,2037
2022-07-22,14,2011
2022-07-22,15,2116
2022-07-22,16,2757
2022-07-22,17,3855
2022-07-22,18,3813
2022-07-22,19,2839
2022-07-22,20,1940
2022-07-22,21,1431
2022-07-22,22,1351
2022-07-22,23,1175
2022-07-23,0,920
2022-07-23,1,658
2022-07-23,2,407
2022-07-23,3,289
2022-07-23,4,213
2022-07-23,5,184
2022-07-23,6,227
2022-07-23,7,516
2022-07-23,8,921
2022-07-23,9,1512
2022-07-23,10,2225
2022-07-23,11,2725
2022-07-23,12,3171
2022-07-23,13,3385
2022-07-23,14,3366
2022-07-23,15,3397
2022-07-23,16,3407
2022-07-23,17,3381
2022-07-23,18,3026
2022-07-23,19,2785
2022-07-23,20,2145
2022-07-23,21,1743
2022-07-23,22,1296
2022-07-23,23,1157
2022-07-24,0,847
2022-07-24,1,643
2022-07-24,2,476
2022-07-24,3,335
2022-07-24,4,201
2022-07-24,5,138
2022-07-24,6,233
2022-07-24,7,359
2022-07-24,8,674
2022-07-24,9,1301
2022-07-24,10,2104
2022-07-24,11,2675
2022-07-24,12,3161
2022-07-24,13,3412
2022-07-24,14,3193
2022-07-24,15,3310
2022-07-24,16,3255
2022-07-24,17,3320
2022-07-24,18,3190
2022-07-24,19,2539
2022-07-24,20,1664
2022-07-24,21,1186
2022-07-24,22,897
2022-07-24,23,657
2022-07-25,0,371
2022-07-25,1,181
2022-07-25,2,99
2022-07-25,3,51
2022-07-25,4,64
2022-07-25,5,208
2022-07-25,6,809
2022-07-25,7,2096
2022-07-25,8,3337
2022-07-25,9,1908
2022-07-25,10,1315
2022-07-25,11,1386
2022-07-25,12,1668
2022-07-25,13,1633
2022-07-25,14,1777
2022-07-25,15,2020
2022-07-25,16,2513
2022-07-25,17,4072
2022-07-25,18,4305
2022-07-25,19,2851
2022-07-25,20,2081
2022-07-25,21,1420
2022-07-25,22,1059
2022-07-25,23,584
2022-07-26,0,67
2022-07-26,1,12
2022-07-26,2,5
2022-07-26,3,2
2022-07-26,4,35
2022-07-26,5,231
2022-07-26,6,983
2022-07-26,7,2569
2022-07-26,8,4082
2022-07-26,9,2182
2022-07-26,10,1501
2022-07-26,11,1508
2022-07-26,12,1703
2022-07-26,13,1766
2022-07-26,14,1539
2022-07-26,15,1896
2022-07-26,16,2638
2022-07-26,17,4463
2022-07-26,18,4750
2022-07-26,19,3172
2022-07-26,20,2255
2022-07-26,21,1633
2022-07-26,22,1210
2022-07-26,23,550
2022-07-27,0,344
2022-07-27,1,222
2022-07-27,2,118
2022-07-27,3,61
2022-07-27,4,92
2022-07-27,5,228
2022-07-27,6,843
2022-07-27,7,2045
2022-07-27,8,3517
2022-07-27,9,2162
2022-07-27,10,1396
2022-07-27,11,1367
2022-07-27,12,1792
2022-07-27,13,1683
2022-07-27,14,1662
2022-07-27,15,1881
2022-07-27,16,2495
2022-07-27,17,3757
2022-07-27,18,4435
2022-07-27,19,3130
2022-07-27,20,2063
2022-07-27,21,1540
2022-07-27,22,1310
2022-07-27,23,827
2022-07-28,0,374
2022-07-28,1,192
2022-07-28,2,96
2022-07-28,3,76
2022-07-28,4,65
2022-07-28,5,183
2022-07-28,6,862
2022-07-28,7,2058
2022-07-28,8,4060
2022-07-28,9,2546
2022-07-28,10,1628
2022-07-28,11,1557
2022-07-28,12,1910
2022-07-28,13,1882
2022-07-28,14,2048
2022-07-28,15,2097
2022-07-28,16,2691
2022-07-28,17,4155
2022-07-28,18,4565
2022-07-28,19,3317
2022-07-28,20,2221
2022-07-28,21,1714
2022-07-28,22,1441
2022-07-28,23,1031
2022-07-29,0,563
2022-07-29,1,327
2022-07-29,2,175
2022-07-29,3,123
2022-07-29,4,104
2022-07-29,5,195
2022-07-29,6,818
2022-07-29,7,1785
2022-07-29,8,2889
2022-07-29,9,1959
2022-07-29,10,1551
2022-07-29,11,1752
2022-07-29,12,2059
2022-07-29,13,2135
2022-07-29,14,2116
2022-07-29,15,2476
2022-07-29,16,2923
2022-07-29,17,3949
2022-07-29,18,3827
2022-07-29,19,2988
2022-07-29,20,2113
2022-07-29,21,1663
2022-07-29,22,1428
2022-07-29,23,1326
2022-07-30,0,936
2022-07-30,1,650
2022-07-30,2,449
2022-07-30,3,315
2022-07-30,4,171
2022-07-30,5,153
2022-07-30,6,261
2022-07-30,7,457
2022-07-30,8,923
2022-07-30,9,1527
2022-07-30,10,2147
2022-07-30,11,2745
2022-07-30,12,3069
2022-07-30,13,3166
2022-07-30,14,3210
2022-07-30,15,3317
2022-07-30,16,3416
2022-07-30,17,3315
2022-07-30,18,3017
2022-07-30,19,2763
2022-07-30,20,2112
2022-07-30,21,1675
2022-07-30,22,1388
2022-07-30,23,1149
2022-07-31,0,972
2022-07-31,1,645
2022-07-31,2,470
2022-07-31,3,347
2022-07-31,4,262
2022-07-31,5,188
2022-07-31,6,207
2022-07-31,7,309
2022-07-31,8,624
2022-07-31,9,1219
2022-07-31,10,1782
2022-07-31,11,2343
2022-07-31,12,2631
2022-07-31,13,2893
2022-07-31,14,2776
2022-07-31,15,2932
2022-07-31,16,3053
2022-07-31,17,2604
2022-07-31,18,2299
2022-07-31,19,2131
2022-07-31,20,1861
2022-07-31,21,1443
2022-07-31,22,1097
2022-07-31,23,672
2022-08-01,0,426
2022-08-01,1,226
2022-08-01,2,104
2022-08-01,3,70
2022-08-01,4,87
2022-08-01,5,202
2022-08-01,6,772
2022-08-01,7,1955
2022-08-01,8,3275
2022-08-01,9,1873
2022-08-01,10,1386
2022-08-01,11,1503
2022-08-01,12,1810
2022-08-01,13,1899
2022-08-01,14,1791
2022-08-01,15,1947
2022-08-01,16,2600
2022-08-01,17,4245
2022-08-01,18,4317
2022-08-01,19,3212
2022-08-01,20,2207
2022-08-01,21,1471
2022-08-01,22,1086
2022-08-01,23,689
2022-08-02,0,364
2022-08-02,1,164
2022-08-02,2,98
2022-08-02,3,95
2022-08-02,4,63
2022-08-02,5,217
2022-08-02,6,1052
2022-08-02,7,2384
2022-08-02,8,4170
2022-08-02,9,2308
2022-08-02,10,1526
2022-08-02,11,1551
2022-08-02,12,1839
2022-08-02,13,1862
2022-08-02,14,1779
2022-08-02,15,1996
2022-08-02,16,2665
2022-08-02,17,4714
2022-08-02,18,5001
2022-08-02,19,3321
2022-08-02,20,2427
2022-08-02,21,1781
2022-08-02,22,1382
2022-08-02,23,586
2022-08-03,0,369
2022-08-03,1,191
2022-08-03,2,106
2022-08-03,3,70
2022-08-03,4,87
2022-08-03,5,206
2022-08-03,6,932
2022-08-03,7,2339
2022-08-03,8,3988
2022-08-03,9,2317
2022-08-03,10,1519
2022-08-03,11,1526
2022-08-03,12,1850
2022-08-03,13,1899
2022-08-03,14,1892
2022-08-03,15,2136
2022-08-03,16,2771
2022-08-03,17,4641
2022-08-03,18,4908
2022-08-03,19,3259
2022-08-03,20,2232
2022-08-03,21,1778
2022-08-03,22,1412
2022-08-03,23,958
2022-08-04,0,449
2022-08-04,1,190
2022-08-04,2,151
2022-08-04,3,82
2022-08-04,4,89
2022-08-04,5,224
2022-08-04,6,894
2022-08-04,7,2330
2022-08-04,8,3940
2022-08-04,9,2353
2022-08-04,10,1513
2022-08-04,11,1604
2022-08-04,12,1816
2022-08-04,13,1956
2022-08-04,14,1921
2022-08-04,15,2263
2022-08-04,16,2765
2022-08-04,17,4387
2022-08-04,18,4618
2022-08-04,19,2942
2022-08-04,20,2228
2022-08-04,21,1738
2022-08-04,22,1462
2022-08-04,23,953
2022-08-05,0,563
2022-08-05,1,277
2022-08-05,2,181
2022-08-05,3,126
2022-08-05,4,106
2022-08-05,5,173
2022-08-05,6,709
2022-08-05,7,1682
2022-08-05,8,2819
2022-08-05,9,2055
2022-08-05,10,1668
2022-08-05,11,1729
2022-08-05,12,2052
2022-08-05,13,2177
2022-08-05,14,2318
2022-08-05,15,2525
2022-08-05,16,2885
2022-08-05,17,3974
2022-08-05,18,3887
2022-08-05,19,3005
2022-08-05,20,2113
2022-08-05,21,1546
2022-08-05,22,1386
2022-08-05,23,1144
2022-08-06,0,795
2022-08-06,1,503
2022-08-06,2,314
2022-08-06,3,242
2022-08-06,4,217
2022-08-06,5,148
2022-08-06,6,210
2022-08-06,7,484
2022-08-06,8,884
2022-08-06,9,1589
2022-08-06,10,2201
2022-08-06,11,2936
2022-08-06,12,3091
2022-08-06,13,3227
2022-08-06,14,3402
2022-08-06,15,3460
2022-08-06,16,3539
2022-08-06,17,3502
2022-08-06,18,3131
2022-08-06,19,2788
2022-08-06,20,2213
2022-08-06,21,1687
2022-08-06,22,1408
2022-08-06,23,1157
2022-08-07,0,902
2022-08-07,1,700
2022-08-07,2,424
2022-08-07,3,295
2022-08-07,4,149
2022-08-07,5,138
2022-08-07,6,182
2022-08-07,7,332
2022-08-07,8,627
2022-08-07,9,1230
2022-08-07,10,2013
2022-08-07,11,2729
2022-08-07,12,3134
2022-08-07,13,3190
2022-08-07,14,3224
2022-08-07,15,3347
2022-08-07,16,3286
2022-08-07,17,3064
2022-08-07,18,3139
2022-08-07,19,2625
2022-08-07,20,2032
2022-08-07,21,1467
2022-08-07,22,998
2022-08-07,23,676
2022-08-08,0,392
2022-08-08,1,253
2022-08-08,2,135
2022-08-08,3,103
2022-08-08,4,78
2022-08-08,5,181
2022-08-08,6,797
2022-08-08,7,2044
2022-08-08,8,3421
2022-08-08,9,2032
2022-08-08,10,1509
2022-08-08,11,1550
2022-08-08,12,1796
2022-08-08,13,1929
2022-08-08,14,1850
2022-08-08,15,2182
2022-08-08,16,2776
2022-08-08,17,4512
2022-08-08,18,4559
2022-08-08,19,3297
2022-08-08,20,2350
2022-08-08,21,1704
2022-08-08,22,1162
2022-08-08,23,689
2022-08-09,0,341
2022-08-09,1,229
2022-08-09,2,81
2022-08-09,3,59
2022-08-09,4,64
2022-08-09,5,211
2022-08-09,6,980
2022-08-09,7,2419
2022-08-09,8,4226
2022-08-09,9,2331
2022-08-09,10,1556
2022-08-09,11,1578
2022-08-09,12,1894
2022-08-09,13,2009
2022-08-09,14,1989
2022-08-09,15,2068
2022-08-09,16,2801
2022-08-09,17,4807
2022-08-09,18,5096
2022-08-09,19,3380
2022-08-09,20,2325
2022-08-09,21,1613
2022-08-09,22,1228
2022-08-09,23,569
2022-08-10,0,365
2022-08-10,1,208
2022-08-10,2,123
2022-08-10,3,70
2022-08-10,4,79
2022-08-10,5,188
2022-08-10,6,910
2022-08-10,7,2462
2022-08-10,8,4117
2022-08-10,9,2323
2022-08-10,10,1591
2022-08-10,11,1697
2022-08-10,12,1808
2022-08-10,13,2005
2022-08-10,14,1879
2022-08-10,15,2008
2022-08-10,16,2745
2022-08-10,17,4705
2022-08-10,18,4945
2022-08-10,19,3403
2022-08-10,20,2386
2022-08-10,21,1905
2022-08-10,22,1420
2022-08-10,23,846
2022-08-11,0,416
2022-08-11,1,248
2022-08-11,2,116
2022-08-11,3,81
2022-08-11,4,72
2022-08-11,5,168
2022-08-11,6,883
2022-08-11,7,2315
2022-08-11,8,3994
2022-08-11,9,2240
2022-08-11,10,1535
2022-08-11,11,1594
2022-08-11,12,1849
2022-08-11,13,1819
2022-08-11,14,1823
2022-08-11,15,2048
2022-08-11,16,2572
2022-08-11,17,4340
2022-08-11,18,4487
2022-08-11,19,3397
2022-08-11,20,2392
2022-08-11,21,1895
2022-08-11,22,1578
2022-08-11,23,953
2022-08-12,0,532
2022-08-12,1,299
2022-08-12,2,214
2022-08-12,3,78
2022-08-12,4,100
2022-08-12,5,191
2022-08-12,6,719
2022-08-12,7,1663
2022-08-12,8,2706
2022-08-12,9,2031
2022-08-12,10,1603
2022-08-12,11,1591
2022-08-12,12,1955
2022-08-12,13,1946
2022-08-12,14,2041
2022-08-12,15,2153
2022-08-12,16,2681
2022-08-12,17,3573
2022-08-12,18,3895
2022-08-12,19,3015
2022-08-12,20,2194
2022-08-12,21,1672
2022-08-12,22,1605
2022-08-12,23,1294
2022-08-13,0,948
2022-08-13,1,651
2022-08-13,2,412
2022-08-13,3,304
2022-08-13,4,203
2022-08-13,5,127
2022-08-13,6,279
2022-08-13,7,503
2022-08-13,8,985
2022-08-13,9,1619
2022-08-13,10,2260
2022-08-13,11,2689
2022-08-13,12,2979
2022-08-13,13,3098
2022-08-13,14,3003
2022-08-13,15,2974
2022-08-13,16,2863
2022-08-13,17,3102
2022-08-13,18,2990
2022-08-13,19,2827
2022-08-13,20,2217
2022-08-13,21,1746
2022-08-13,22,1588
2022-08-13,23,1333
2022-08-14,0,902
2022-08-14,1,717
2022-08-14,2,418
2022-08-14,3,298
2022-08-14,4,203
2022-08-14,5,126
2022-08-14,6,240
2022-08-14,7,390
2022-08-14,8,742
2022-08-14,9,1414
2022-08-14,10,2050
2022-08-14,11,2602
2022-08-14,12,2692
2022-08-14,13,2949
2022-08-14,14,2831
2022-08-14,15,2920
2022-08-14,16,2991
2022-08-14,17,2886
2022-08-14,18,2940
2022-08-14,19,2314
2022-08-14,20,2078
2022-08-14,21,1432
2022-08-14,22,1087
2022-08-14,23,686
2022-08-15,0,454
2022-08-15,1,229
2022-08-15,2,143
2022-08-15,3,104
2022-08-15,4,90
2022-08-15,5,181
2022-08-15,6,764
2022-08-15,7,1986
2022-08-15,8,3308
2022-08-15,9,1902
2022-08-15,10,1348
2022-08-15,11,1567
2022-08-15,12,1656
2022-08-15,13,1715
2022-08-15,14,1783
2022-08-15,15,1893
2022-08-15,16,2615
2022-08-15,17,4232
2022-08-15,18,4213
2022-08-15,19,3008
2022-08-15,20,1525
2022-08-15,21,1109
2022-08-15,22,1017
2022-08-15,23,604
2022-08-16,0,301
2022-08-16,1,179
2022-08-16,2,105
2022-08-16,3,70
2022-08-16,4,64
2022-08-16,5,207
2022-08-16,6,928
2022-08-16,7,2479
2022-08-16,8,4069
2022-08-16,9,2041
2022-08-16,10,1248
2022-08-16,11,803
2022-08-16,12,564
2022-08-16,13,1164
2022-08-16,14,1351
2022-08-16,15,1683
2022-08-16,16,2330
2022-08-16,17,4241
2022-08-16,18,4312
2022-08-16,19,2788
2022-08-16,20,1984
2022-08-16,21,1384
2022-08-16,22,1073
2022-08-16,23,555
2022-08-17,0,312
2022-08-17,1,173
2022-08-17,2,92
2022-08-17,3,69
2022-08-17,4,63
2022-08-17,5,173
2022-08-17,6,868
2022-08-17,7,2368
2022-08-17,8,4032
2022-08-17,9,2057
2022-08-17,10,1575
2022-08-17,11,1530
2022-08-17,12,1931
2022-08-17,13,1858
2022-08-17,14,1105
2022-08-17,15,851
2022-08-17,16,684
2022-08-17,17,2046
2022-08-17,18,3037
2022-08-17,19,2296
2022-08-17,20,1711
2022-08-17,21,1203
2022-08-17,22,1054
2022-08-17,23,769
2022-08-18,0,400
2022-08-18,1,202
2022-08-18,2,168
2022-08-18,3,89
2022-08-18,4,109
2022-08-18,5,198
2022-08-18,6,814
2022-08-18,7,1766
2022-08-18,8,3201
2022-08-18,9,1999
2022-08-18,10,1463
2022-08-18,11,1511
2022-08-18,12,1821
2022-08-18,13,1855
2022-08-18,14,1892
2022-08-18,15,2080
2022-08-18,16,2643
2022-08-18,17,3946
2022-08-18,18,4705
2022-08-18,19,3439
2022-08-18,20,2252
2022-08-18,21,1719
2022-08-18,22,1453
2022-08-18,23,991
2022-08-19,0,595
2022-08-19,1,301
2022-08-19,2,186
2022-08-19,3,112
2022-08-19,4,122
2022-08-19,5,199
2022-08-19,6,1008
2022-08-19,7,2435
2022-08-19,8,3913
2022-08-19,9,3257
2022-08-19,10,2702
2022-08-19,11,2710
2022-08-19,12,3082
2022-08-19,13,3283
2022-08-19,14,3492
2022-08-19,15,4043
2022-08-19,16,5175
2022-08-19,17,6479
2022-08-19,18,6874
2022-08-19,19,5605
2022-08-19,20,3728
2022-08-19,21,2599
2022-08-19,22,2321
2022-08-19,23,2154
2022-08-20,0,1339
2022-08-20,1,679
2022-08-20,2,353
2022-08-20,3,221
2022-08-20,4,167
2022-08-20,5,170
2022-08-20,6,341
2022-08-20,7,721
2022-08-20,8,1176
2022-08-20,9,1870
2022-08-20,10,2746
2022-08-20,11,3257
2022-08-20,12,3650
2022-08-20,13,3803
2022-08-20,14,3649
2022-08-20,15,3696
2022-08-20,16,3535
2022-08-20,17,3603
2022-08-20,18,3427
2022-08-20,19,2893
2022-08-20,20,2155
2022-08-20,21,1505
2022-08-20,22,1419
2022-08-20,23,1218
2022-08-21,0,1086
2022-08-21,1,662
2022-08-21,2,413
2022-08-21,3,278
2022-08-21,4,181
2022-08-21,5,150
2022-08-21,6,205
2022-08-21,7,349
2022-08-21,8,704
2022-08-21,9,1322
2022-08-21,10,2118
2022-08-21,11,2636
2022-08-21,12,3141
2022-08-21,13,3242
2022-08-21,14,3193
2022-08-21,15,3083
2022-08-21,16,3346
2022-08-21,17,3262
2022-08-21,18,3005
2022-08-21,19,2593
2022-08-21,20,1802
2022-08-21,21,1222
2022-08-21,22,902
2022-08-21,23,562
2022-08-22,0,435
2022-08-22,1,226
2022-08-22,2,111
2022-08-22,3,44
2022-08-22,4,82
2022-08-22,5,174
2022-08-22,6,790
2022-08-22,7,1963
2022-08-22,8,3310
2022-08-22,9,1989
2022-08-22,10,1443
2022-08-22,11,1542
2022-08-22,12,1735
2022-08-22,13,1849
2022-08-22,14,1954
2022-08-22,15,1978
2022-08-22,16,2468
2022-08-22,17,4107
2022-08-22,18,4019
2022-08-22,19,2858
2022-08-22,20,1806
2022-08-22,21,1243
2022-08-22,22,1081
2022-08-22,23,583
2022-08-23,0,248
2022-08-23,1,122
2022-08-23,2,89
2022-08-23,3,48
2022-08-23,4,69
2022-08-23,5,191
2022-08-23,6,777
2022-08-23,7,2243
2022-08-23,8,4029
2022-08-23,9,2165
2022-08-23,10,1468
2022-08-23,11,1520
2022-08-23,12,1754
2022-08-23,13,1725
2022-08-23,14,1662
2022-08-23,15,2051
2022-08-23,16,2762
2022-08-23,17,4731
2022-08-23,18,4690
2022-08-23,19,3139
2022-08-23,20,2126
2022-08-23,21,1576
2022-08-23,22,1200
2022-08-23,23,582
2022-08-24,0,363
2022-08-24,1,215
2022-08-24,2,98
2022-08-24,3,48
2022-08-24,4,92
2022-08-24,5,203
2022-08-24,6,884
2022-08-24,7,2340
2022-08-24,8,4071
2022-08-24,9,2230
2022-08-24,10,1528
2022-08-24,11,1443
2022-08-24,12,1819
2022-08-24,13,1867
2022-08-24,14,1861
2022-08-24,15,2118
2022-08-24,16,2788
2022-08-24,17,4569
2022-08-24,18,4739
2022-08-24,19,3219
2022-08-24,20,2195
2022-08-24,21,1710
2022-08-24,22,1354
2022-08-24,23,850
2022-08-25,0,490
2022-08-25,1,240
2022-08-25,2,106
2022-08-25,3,56
2022-08-25,4,45
2022-08-25,5,97
2022-08-25,6,249
2022-08-25,7,623
2022-08-25,8,951
2022-08-25,9,517
2022-08-25,10,305
2022-08-25,11,387
2022-08-25,12,766
2022-08-25,13,1196
2022-08-25,14,1459
2022-08-25,15,1609
2022-08-25,16,2201
2022-08-25,17,3159
2022-08-25,18,3312
2022-08-25,19,2298
2022-08-25,20,1543
2022-08-25,21,1016
2022-08-25,22,1061
2022-08-25,23,862
2022-08-26,0,408
2022-08-26,1,272
2022-08-26,2,136
2022-08-26,3,89
2022-08-26,4,96
2022-08-26,5,153
2022-08-26,6,649
2022-08-26,7,1511
2022-08-26,8,2286
2022-08-26,9,1762
2022-08-26,10,1488
2022-08-26,11,1642
2022-08-26,12,2050
2022-08-26,13,2071
2022-08-26,14,2076
2022-08-26,15,2200
2022-08-26,16,2746
2022-08-26,17,3498
2022-08-26,18,3372
2022-08-26,19,2436
2022-08-26,20,1713
2022-08-26,21,1314
2022-08-26,22,1282
2022-08-26,23,1104
2022-08-27,0,715
2022-08-27,1,544
2022-08-27,2,322
2022-08-27,3,240
2022-08-27,4,164
2022-08-27,5,129
2022-08-27,6,223
2022-08-27,7,461
2022-08-27,8,795
2022-08-27,9,1384
2022-08-27,10,1867
2022-08-27,11,2522
2022-08-27,12,2719
2022-08-27,13,2903
2022-08-27,14,2846
2022-08-27,15,2927
2022-08-27,16,2879
2022-08-27,17,3066
2022-08-27,18,2677
2022-08-27,19,2264
2022-08-27,20,1609
2022-08-27,21,1144
2022-08-27,22,1232
2022-08-27,23,1102
2022-08-28,0,843
2022-08-28,1,588
2022-08-28,2,357
2022-08-28,3,271
2022-08-28,4,154
2022-08-28,5,155
2022-08-28,6,202
2022-08-28,7,313
2022-08-28,8,574
2022-08-28,9,1139
2022-08-28,10,1702
2022-08-28,11,2296
2022-08-28,12,2666
2022-08-28,13,2869
2022-08-28,14,2713
2022-08-28,15,2762
2022-08-28,16,2934
2022-08-28,17,2888
2022-08-28,18,2696
2022-08-28,19,2297
2022-08-28,20,1745
2022-08-28,21,1356
2022-08-28,22,1219
2022-08-28,23,943
2022-08-29,0,693
2022-08-29,1,431
2022-08-29,2,217
2022-08-29,3,205
2022-08-29,4,137
2022-08-29,5,118
2022-08-29,6,210
2022-08-29,7,424
2022-08-29,8,690
2022-08-29,9,1025
2022-08-29,10,1652
2022-08-29,11,2231
2022-08-29,12,2600
2022-08-29,13,2771
2022-08-29,14,2980
2022-08-29,15,3024
2022-08-29,16,3017
2022-08-29,17,2713
2022-08-29,18,2597
2022-08-29,19,2034
2022-08-29,20,1564
2022-08-29,21,1145
2022-08-29,22,881
2022-08-29,23,607
2022-08-30,0,309
2022-08-30,1,220
2022-08-30,2,109
2022-08-30,3,79
2022-08-30,4,71
2022-08-30,5,178
2022-08-30,6,784
2022-08-30,7,2131
2022-08-30,8,3394
2022-08-30,9,1925
2022-08-30,10,1272
2022-08-30,11,1290
2022-08-30,12,1585
2022-08-30,13,1672
2022-08-30,14,1665
2022-08-30,15,1876
2022-08-30,16,2455
2022-08-30,17,4188
2022-08-30,18,4206
2022-08-30,19,2774
2022-08-30,20,1636
2022-08-30,21,1282
2022-08-30,22,946
2022-08-30,23,438
2022-08-31,0,289
2022-08-31,1,122
2022-08-31,2,87
2022-08-31,3,60
2022-08-31,4,60
2022-08-31,5,177
2022-08-31,6,910
2022-08-31,7,2394
2022-08-31,8,4081
2022-08-31,9,2183
2022-08-31,10,1419
2022-08-31,11,1425
2022-08-31,12,1641
2022-08-31,13,1846
2022-08-31,14,1798
2022-08-31,15,1871
2022-08-31,16,2448
2022-08-31,17,4453
2022-08-31,18,4568
2022-08-31,19,3089
2022-08-31,20,1801
2022-08-31,21,1237
2022-08-31,22,1161
2022-08-31,23,645
2022-09-01,0,312
2022-09-01,1,156
2022-09-01,2,77
2022-09-01,3,72
2022-09-01,4,58
2022-09-01,5,170
2022-09-01,6,904
2022-09-01,7,2400
2022-09-01,8,4031
2022-09-01,9,2176
2022-09-01,10,1366
2022-09-01,11,1233
2022-09-01,12,1515
2022-09-01,13,1655
2022-09-01,14,1602
2022-09-01,15,1943
2022-09-01,16,2372
2022-09-01,17,4013
2022-09-01,18,4066
2022-09-01,19,2870
2022-09-01,20,1729
2022-09-01,21,1232
2022-09-01,22,980
2022-09-01,23,568
2022-09-02,0,230
2022-09-02,1,159
2022-09-02,2,106
2022-09-02,3,90
2022-09-02,4,95
2022-09-02,5,181
2022-09-02,6,679
2022-09-02,7,1633
2022-09-02,8,2793
2022-09-02,9,1787
2022-09-02,10,1331
2022-09-02,11,1537
2022-09-02,12,1787
2022-09-02,13,1901
2022-09-02,14,1936
2022-09-02,15,2181
2022-09-02,16,2558
2022-09-02,17,3669
2022-09-02,18,3469
2022-09-02,19,2741
2022-09-02,20,1564
2022-09-02,21,1236
2022-09-02,22,1102
2022-09-02,23,1019
2022-09-03,0,771
2022-09-03,1,516
2022-09-03,2,369
2022-09-03,3,205
2022-09-03,4,140
2022-09-03,5,123
2022-09-03,6,226
2022-09-03,7,468
2022-09-03,8,866
2022-09-03,9,1401
2022-09-03,10,2100
2022-09-03,11,2559
2022-09-03,12,2815
2022-09-03,13,2959
2022-09-03,14,2879
2022-09-03,15,2868
2022-09-03,16,2932
2022-09-03,17,3144
2022-09-03,18,2852
2022-09-03,19,2376
2022-09-03,20,1643
2022-09-03,21,1280
2022-09-03,22,1175
2022-09-03,23,1030
2022-09-04,0,824
2022-09-04,1,577
2022-09-04,2,461
2022-09-04,3,288
2022-09-04,4,142
2022-09-04,5,116
2022-09-04,6,197
2022-09-04,7,412
2022-09-04,8,651
2022-09-04,9,1149
2022-09-04,10,1771
2022-09-04,11,2311
2022-09-04,12,2720
2022-09-04,13,2855
2022-09-04,14,2606
2022-09-04,15,2794
2022-09-04,16,2893
2022-09-04,17,2616
2022-09-04,18,2621
2022-09-04,19,2008
2022-09-04,20,1312
2022-09-04,21,962
2022-09-04,22,787
2022-09-04,23,496
2022-09-05,0,327
2022-09-05,1,137
2022-09-05,2,68
2022-09-05,3,51
2022-09-05,4,71
2022-09-05,5,174
2022-09-05,6,805
2022-09-05,7,2317
2022-09-05,8,3699
2022-09-05,9,2001
2022-09-05,10,1262
2022-09-05,11,1269
2022-09-05,12,1527
2022-09-05,13,1461
2022-09-05,14,1473
2022-09-05,15,1712
2022-09-05,16,2376
2022-09-05,17,3974
2022-09-05,18,4131
2022-09-05,19,2740
2022-09-05,20,1667
2022-09-05,21,1092
2022-09-05,22,762
2022-09-05,23,190
2022-09-06,0,124
2022-09-06,1,57
2022-09-06,2,54
2022-09-06,3,64
2022-09-06,4,56
2022-09-06,5,181
2022-09-06,6,999
2022-09-06,7,2770
2022-09-06,8,4527
2022-09-06,9,2140
2022-09-06,10,1342
2022-09-06,11,1276
2022-09-06,12,1493
2022-09-06,13,1559
2022-09-06,14,1310
2022-09-06,15,1341
2022-09-06,16,1995
2022-09-06,17,3433
2022-09-06,18,3485
2022-09-06,19,2178
2022-09-06,20,1353
2022-09-06,21,983
2022-09-06,22,830
2022-09-06,23,376
2022-09-07,0,257
2022-09-07,1,151
2022-09-07,2,112
2022-09-07,3,44
2022-09-07,4,63
2022-09-07,5,155
2022-09-07,6,939
2022-09-07,7,2625
2022-09-07,8,4543
2022-09-07,9,2234
2022-09-07,10,1202
2022-09-07,11,868
2022-09-07,12,1317
2022-09-07,13,1415
2022-09-07,14,1502
2022-09-07,15,1587
2022-09-07,16,2151
2022-09-07,17,4016
2022-09-07,18,4448
2022-09-07,19,2937
2022-09-07,20,1752
2022-09-07,21,1266
2022-09-07,22,333
2022-09-07,23,286
2022-09-08,0,227
2022-09-08,1,105
2022-09-08,2,75
2022-09-08,3,69
2022-09-08,4,65
2022-09-08,5,177
2022-09-08,6,828
2022-09-08,7,2196
2022-09-08,8,3744
2022-09-08,9,2049
2022-09-08,10,1317
2022-09-08,11,638
2022-09-08,12,659
2022-09-08,13,913
2022-09-08,14,983
2022-09-08,15,1449
2022-09-08,16,1427
2022-09-08,17,2265
2022-09-08,18,3116
2022-09-08,19,2387
2022-09-08,20,890
2022-09-08,21,688
2022-09-08,22,694
2022-09-08,23,668
2022-09-09,0,399
2022-09-09,1,281
2022-09-09,2,124
2022-09-09,3,89
2022-09-09,4,91
2022-09-09,5,178
2022-09-09,6,649
2022-09-09,7,1772
2022-09-09,8,2913
2022-09-09,9,1807
2022-09-09,10,1234
2022-09-09,11,1140
2022-09-09,12,1555
2022-09-09,13,1793
2022-09-09,14,1706
2022-09-09,15,1962
2022-09-09,16,1990
2022-09-09,17,2864
2022-09-09,18,2964
2022-09-09,19,2229
2022-09-09,20,819
2022-09-09,21,618
2022-09-09,22,315
2022-09-09,23,93
2022-09-10,1,1
2022-09-10,7,1
2022-09-10,13,2
2022-09-11,1,1
2022-09-11,8,2
2022-09-11,10,2
2022-09-11,12,1
2022-09-11,23,1
2022-09-12,5,17
2022-09-12,6,429
2022-09-12,7,1207
2022-09-12,8,1855
2022-09-12,9,1094
2022-09-12,10,817
2022-09-12,11,812
2022-09-12,12,993
2022-09-12,13,993
2022-09-12,14,993
2022-09-12,15,1060
2022-09-12,16,1584
2022-09-12,17,2843
2022-09-12,18,3050
2022-09-12,19,1791
2022-09-12,20,1079
2022-09-12,21,690
2022-09-12,22,470
2022-09-12,23,238
2022-09-13,0,113
2022-09-13,1,67
2022-09-13,2,37
2022-09-13,3,40
2022-09-13,4,44
2022-09-13,5,165
2022-09-13,6,804
2022-09-13,7,2267
2022-09-13,8,3513
2022-09-13,9,1773
2022-09-13,10,950
2022-09-13,11,783
2022-09-13,12,651
2022-09-13,13,792
2022-09-13,14,916
2022-09-13,15,1097
2022-09-13,16,1497
2022-09-13,17,2174
2022-09-13,18,1942
2022-09-13,19,1326
2022-09-13,20,710
2022-09-13,21,305
2022-09-13,22,431
2022-09-13,23,208
2022-09-14,0,111
2022-09-14,1,76
2022-09-14,2,39
2022-09-14,3,45
2022-09-14,4,61
2022-09-14,5,151
2022-09-14,6,735
2022-09-14,7,2025
2022-09-14,8,3517
2022-09-14,9,1762
2022-09-14,10,924
2022-09-14,11,932
2022-09-14,12,1091
2022-09-14,13,1194
2022-09-14,14,1217
2022-09-14,15,1397
2022-09-14,16,1867
2022-09-14,17,3399
2022-09-14,18,3494
2022-09-14,19,2308
2022-09-14,20,1273
2022-09-14,21,984
2022-09-14,22,976
2022-09-14,23,543
2022-09-15,0,257
2022-09-15,1,162
2022-09-15,2,88
2022-09-15,3,95
2022-09-15,4,106
2022-09-15,5,179
2022-09-15,6,771
2022-09-15,7,2184
2022-09-15,8,3648
2022-09-15,9,1807
2022-09-15,10,961
2022-09-15,11,938
2022-09-15,12,1122
2022-09-15,13,1082
2022-09-15,14,1050
2022-09-15,15,1212
2022-09-15,16,1659
2022-09-15,17,2845
2022-09-15,18,3197
2022-09-15,19,2076
2022-09-15,20,1176
2022-09-15,21,923
2022-09-15,22,813
2022-09-15,23,555
2022-09-16,0,312
2022-09-16,1,200
2022-09-16,2,100
2022-09-16,3,117
2022-09-16,4,113
2022-09-16,5,163
2022-09-16,6,624
2022-09-16,7,1534
2022-09-16,8,2499
2022-09-16,9,1487
2022-09-16,10,979
2022-09-16,11,1099
2022-09-16,12,1312
2022-09-16,13,1317
2022-09-16,14,1203
2022-09-16,15,1405
2022-09-16,16,1753
2022-09-16,17,2503
2022-09-16,18,2488
2022-09-16,19,1873
2022-09-16,20,1055
2022-09-16,21,799
2022-09-16,22,697
2022-09-16,23,602
2022-09-17,0,426
2022-09-17,1,301
2022-09-17,2,179
2022-09-17,3,153
2022-09-17,4,91
2022-09-17,5,100
2022-09-17,6,155
2022-09-17,7,334
2022-09-17,8,717
2022-09-17,9,1100
2022-09-17,10,1374
2022-09-17,11,1697
2022-09-17,12,1938
2022-09-17,13,1879
2022-09-17,14,1998
2022-09-17,15,2114
2022-09-17,16,2067
2022-09-17,17,2062
2022-09-17,18,1762
2022-09-17,19,1397
2022-09-17,20,870
2022-09-17,21,626
2022-09-17,22,625
2022-09-17,23,533
2022-09-18,0,440
2022-09-18,1,370
2022-09-18,2,208
2022-09-18,3,170
2022-09-18,4,26
2022-09-18,5,10
2022-09-18,6,52
2022-09-18,7,207
2022-09-18,8,413
2022-09-18,9,830
2022-09-18,10,1170
2022-09-18,11,1497
2022-09-18,12,1784
2022-09-18,13,1920
2022-09-18,14,1946
2022-09-18,15,1907
2022-09-18,16,1884
2022-09-18,17,2000
2022-09-18,18,1741
2022-09-18,19,1269
2022-09-18,20,905
2022-09-18,21,673
2022-09-18,22,618
2022-09-18,23,522
2022-09-19,0,457
2022-09-19,1,402
2022-09-19,2,290
2022-09-19,3,206
2022-09-19,4,218
2022-09-19,5,224
2022-09-19,6,280
2022-09-19,7,445
2022-09-19,8,668
2022-09-19,9,1007
2022-09-19,10,1291
2022-09-19,11,1182
2022-09-19,12,1613
2022-09-19,13,1844
2022-09-19,14,2449
2022-09-19,15,2014
2022-09-19,16,1896
2022-09-19,17,1870
2022-09-19,18,1581
2022-09-19,19,1037
2022-09-19,20,720
2022-09-19,21,556
2022-09-19,22,403
2022-09-19,23,262
2022-09-20,0,133
2022-09-20,1,76
2022-09-20,2,48
2022-09-20,3,47
2022-09-20,4,53
2022-09-20,5,152
2022-09-20,6,796
2022-09-20,7,2280
2022-09-20,8,3698
2022-09-20,9,1768
2022-09-20,10,1017
2022-09-20,11,888
2022-09-20,12,1094
2022-09-20,13,1063
2022-09-20,14,1045
2022-09-20,15,1251
2022-09-20,16,1737
2022-09-20,17,3266
2022-09-20,18,3533
2022-09-20,19,2091
2022-09-20,20,1304
2022-09-20,21,924
2022-09-20,22,702
2022-09-20,23,413
2022-09-21,0,155
2022-09-21,4,53
2022-09-21,5,156
2022-09-21,6,830
2022-09-21,7,2290
2022-09-21,8,3981
2022-09-21,9,1916
2022-09-21,10,1047
2022-09-21,11,1005
2022-09-21,12,1237
2022-09-21,13,1233
2022-09-21,14,1158
2022-09-21,15,1352
2022-09-21,16,1897
2022-09-21,17,3427
2022-09-21,18,3593
2022-09-21,19,2169
2022-09-21,20,1252
2022-09-21,21,935
2022-09-21,22,727
2022-09-21,23,436
2022-09-22,0,228
2022-09-22,1,103
2022-09-22,2,61
2022-09-22,3,45
2022-09-22,4,46
2022-09-22,5,133
2022-09-22,6,739
2022-09-22,7,2348
2022-09-22,8,3801
2022-09-22,9,1960
2022-09-22,10,1167
2022-09-22,11,1102
2022-09-22,12,1267
2022-09-22,13,1228
2022-09-22,14,1230
2022-09-22,15,1395
2022-09-22,16,1983
2022-09-22,17,3211
2022-09-22,18,3271
2022-09-22,19,2119
2022-09-22,20,1257
2022-09-22,21,984
2022-09-22,22,840
2022-09-22,23,566
2022-09-23,0,282
2022-09-23,1,146
2022-09-23,2,79
2022-09-23,3,77
2022-09-23,4,63
2022-09-23,5,140
2022-09-23,6,466
2022-09-23,7,1129
2022-09-23,8,2052
2022-09-23,9,1325
2022-09-23,10,924
2022-09-23,11,925
2022-09-23,12,1222
2022-09-23,13,1241
2022-09-23,14,1232
2022-09-23,15,1430
2022-09-23,16,1806
2022-09-23,17,2634
2022-09-23,18,2557
2022-09-23,19,1701
2022-09-23,20,1120
2022-09-23,21,763
2022-09-23,22,712
2022-09-23,23,615
2022-09-24,0,420
2022-09-24,1,320
2022-09-24,2,232
2022-09-24,3,138
2022-09-24,4,109
2022-09-24,5,90
2022-09-24,6,136
2022-09-24,7,355
2022-09-24,8,722
2022-09-24,9,1168
2022-09-24,10,1422
2022-09-24,11,1871
2022-09-24,12,2025
2022-09-24,13,1998
2022-09-24,14,2108
2022-09-24,15,2030
2022-09-24,16,1910
2022-09-24,17,1889
2022-09-24,18,1787
2022-09-24,19,1319
2022-09-24,20,959
2022-09-24,21,675
2022-09-24,22,720
2022-09-24,23,582
2022-09-25,0,467
2022-09-25,1,342
2022-09-25,2,200
2022-09-25,3,150
2022-09-25,4,99
2022-09-25,5,54
2022-09-25,6,99
2022-09-25,7,226
2022-09-25,8,490
2022-09-25,9,845
2022-09-25,10,1272
2022-09-25,11,1675
2022-09-25,12,1908
2022-09-25,13,1935
2022-09-25,14,1902
2022-09-25,15,1886
2022-09-25,16,1771
2022-09-25,17,1649
2022-09-25,18,1372
2022-09-25,19,1047
2022-09-25,20,646
2022-09-25,21,509
2022-09-25,22,392
2022-09-25,23,258
2022-09-26,0,157
2022-09-26,1,64
2022-09-26,2,37
2022-09-26,3,40
2022-09-26,4,30
2022-09-26,5,87
2022-09-26,6,564
2022-09-26,7,1545
2022-09-26,8,2446
2022-09-26,9,1489
2022-09-26,10,875
2022-09-26,11,831
2022-09-26,12,801
2022-09-26,13,778
2022-09-26,14,621
2022-09-26,15,756
2022-09-26,16,1319
2022-09-26,17,2698
2022-09-26,18,2849
2022-09-26,19,1754
2022-09-26,20,1051
2022-09-26,21,657
2022-09-26,22,495
2022-09-26,23,269
2022-09-27,0,105
2022-09-27,1,59
2022-09-27,2,49
2022-09-27,3,26
2022-09-27,4,40
2022-09-27,5,149
2022-09-27,6,741
2022-09-27,7,2224
2022-09-27,8,3601
2022-09-27,9,1737
2022-09-27,10,966
2022-09-27,11,735
2022-09-27,12,572
2022-09-27,13,729
2022-09-27,14,839
2022-09-27,15,1111
2022-09-27,16,1309
2022-09-27,17,2821
2022-09-27,18,2977
2022-09-27,19,1801
2022-09-27,20,1122
2022-09-27,21,790
2022-09-27,22,627
2022-09-27,23,353
2022-09-28,0,124
2022-09-28,1,72
2022-09-28,2,39
2022-09-28,3,31
2022-09-28,4,40
2022-09-28,5,140
2022-09-28,6,724
2022-09-28,7,2173
2022-09-28,8,3817
2022-09-28,9,1880
2022-09-28,10,1109
2022-09-28,11,1007
2022-09-28,12,1154
2022-09-28,13,1148
2022-09-28,14,1061
2022-09-28,15,1239
2022-09-28,16,1658
2022-09-28,17,3132
2022-09-28,18,3323
2022-09-28,19,2072
2022-09-28,20,1197
2022-09-28,21,874
2022-09-28,22,699
2022-09-28,23,402
2022-09-29,0,182
2022-09-29,1,82
2022-09-29,2,47
2022-09-29,3,42
2022-09-29,4,32
2022-09-29,5,122
2022-09-29,6,732
2022-09-29,7,2083
2022-09-29,8,3705
2022-09-29,9,1905
2022-09-29,10,1071
2022-09-29,11,1018
2022-09-29,12,1183
2022-09-29,13,1169
2022-09-29,14,1100
2022-09-29,15,928
2022-09-29,16,1195
2022-09-29,17,2945
2022-09-29,18,3027
2022-09-29,19,1942
2022-09-29,20,1275
2022-09-29,21,890
2022-09-29,22,834
2022-09-29,23,532
2022-09-30,0,177
2022-09-30,1,24
2022-09-30,2,128
2022-09-30,3,70
2022-09-30,4,49
2022-09-30,5,137
2022-09-30,6,568
2022-09-30,7,1455
2022-09-30,8,2413
2022-09-30,9,1652
2022-09-30,10,1082
2022-09-30,11,1058
2022-09-30,12,1410
2022-09-30,13,1335
2022-09-30,14,1219
2022-09-30,15,1270
2022-09-30,16,810
2022-09-30,17,916
2022-09-30,18,699
2022-09-30,19,460
2022-09-30,20,408
2022-09-30,21,360
2022-09-30,22,348
2022-09-30,23,403
2022-10-01,0,360
2022-10-01,1,277
2022-10-01,2,190
2022-10-01,3,157
2022-10-01,4,90
2022-10-01,5,96
2022-10-01,6,142
2022-10-01,7,291
2022-10-01,8,677
2022-10-01,9,1179
2022-10-01,10,1529
2022-10-01,11,1975
2022-10-01,12,2235
2022-10-01,13,2080
2022-10-01,14,2076
2022-10-01,15,2083
2022-10-01,16,2252
2022-10-01,17,2205
2022-10-01,18,2020
2022-10-01,19,1503
2022-10-01,20,1157
2022-10-01,21,728
2022-10-01,22,671
2022-10-01,23,620
2022-10-02,0,469
2022-10-02,1,428
2022-10-02,2,291
2022-10-02,3,148
2022-10-02,4,130
2022-10-02,5,116
2022-10-02,6,141
2022-10-02,7,233
2022-10-02,8,448
2022-10-02,9,841
2022-10-02,10,1199
2022-10-02,11,1532
2022-10-02,12,1867
2022-10-02,13,2014
2022-10-02,14,1890
2022-10-02,15,1945
2022-10-02,16,2032
2022-10-02,17,1905
2022-10-02,18,1538
2022-10-02,19,1107
2022-10-02,20,706
2022-10-02,21,518
2022-10-02,22,365
2022-10-02,23,273
2022-10-03,0,176
2022-10-03,1,84
2022-10-03,2,60
2022-10-03,3,25
2022-10-03,4,47
2022-10-03,5,143
2022-10-03,6,654
2022-10-03,7,1924
2022-10-03,8,3268
2022-10-03,9,1732
2022-10-03,10,1017
2022-10-03,11,1019
2022-10-03,12,1248
2022-10-03,13,1240
2022-10-03,14,1141
2022-10-03,15,1346
2022-10-03,16,1742
2022-10-03,17,3306
2022-10-03,18,3321
2022-10-03,19,1993
2022-10-03,20,1260
2022-10-03,21,765
2022-10-03,22,535
2022-10-03,23,344
2022-10-04,0,154
2022-10-04,1,79
2022-10-04,2,29
2022-10-04,3,20
2022-10-04,4,44
2022-10-04,5,165
2022-10-04,6,820
2022-10-04,7,2285
2022-10-04,8,4023
2022-10-04,9,2046
2022-10-04,10,1183
2022-10-04,11,1051
2022-10-04,12,1163
2022-10-04,13,1227
2022-10-04,14,1034
2022-10-04,15,1337
2022-10-04,16,1838
2022-10-04,17,3571
2022-10-04,18,3602
2022-10-04,19,2122
2022-10-04,20,1301
2022-10-04,21,855
2022-10-04,22,746
2022-10-04,23,402
2022-10-05,0,189
2022-10-05,1,88
2022-10-05,2,58
2022-10-05,3,41
2022-10-05,4,44
2022-10-05,5,163
2022-10-05,6,699
2022-10-05,7,1894
2022-10-05,8,3542
2022-10-05,9,1858
2022-10-05,10,1104
2022-10-05,11,1061
2022-10-05,12,1173
2022-10-05,13,943
2022-10-05,14,711
2022-10-05,15,915
2022-10-05,16,1404
2022-10-05,17,2773
2022-10-05,18,3153
2022-10-05,19,1978
2022-10-05,20,1156
2022-10-05,21,920
2022-10-05,22,836
2022-10-05,23,473
2022-10-06,0,223
2022-10-06,1,124
2022-10-06,2,57
2022-10-06,3,47
2022-10-06,4,49
2022-10-06,5,142
2022-10-06,6,722
2022-10-06,7,2149
2022-10-06,8,4067
2022-10-06,9,2217
2022-10-06,10,1245
2022-10-06,11,1250
2022-10-06,12,1381
2022-10-06,13,1391
2022-10-06,14,1320
2022-10-06,15,1473
2022-10-06,16,2006
2022-10-06,17,3334
2022-10-06,18,3513
2022-10-06,19,2121
2022-10-06,20,1314
2022-10-06,21,1048
2022-10-06,22,918
2022-10-06,23,591
2022-10-07,0,268
2022-10-07,1,184
2022-10-07,2,108
2022-10-07,3,64
2022-10-07,4,51
2022-10-07,5,152
2022-10-07,6,585
2022-10-07,7,1577
2022-10-07,8,2876
2022-10-07,9,1823
2022-10-07,10,1175
2022-10-07,11,1238
2022-10-07,12,1484
2022-10-07,13,1525
2022-10-07,14,1499
2022-10-07,15,1658
2022-10-07,16,2080
2022-10-07,17,2968
2022-10-07,18,2371
2022-10-07,19,1127
2022-10-07,20,951
2022-10-07,21,746
2022-10-07,22,633
2022-10-07,23,644
2022-10-08,0,559
2022-10-08,1,385
2022-10-08,2,243
2022-10-08,3,176
2022-10-08,4,89
2022-10-08,5,69
2022-10-08,6,152
2022-10-08,7,338
2022-10-08,8,724
2022-10-08,9,1317
2022-10-08,10,1799
2022-10-08,11,2187
2022-10-08,12,2540
2022-10-08,13,2531
2022-10-08,14,2649
2022-10-08,15,2633
2022-10-08,16,2537
2022-10-08,17,2577
2022-10-08,18,2204
2022-10-08,19,1566
2022-10-08,20,1051
2022-10-08,21,784
2022-10-08,22,772
2022-10-08,23,625
2022-10-09,0,635
2022-10-09,1,471
2022-10-09,2,288
2022-10-09,3,188
2022-10-09,4,122
2022-10-09,5,69
2022-10-09,6,136
2022-10-09,7,279
2022-10-09,8,554
2022-10-09,9,1096
2022-10-09,10,1609
2022-10-09,11,1932
2022-10-09,12,2314
2022-10-09,13,2329
2022-10-09,14,2287
2022-10-09,15,2260
2022-10-09,16,2290
2022-10-09,17,1961
2022-10-09,18,1586
2022-10-09,19,1003
2022-10-09,20,702
2022-10-09,21,548
2022-10-09,22,386
2022-10-09,23,286
2022-10-10,0,171
2022-10-10,1,91
2022-10-10,2,40
2022-10-10,3,33
2022-10-10,4,47
2022-10-10,5,139
2022-10-10,6,478
2022-10-10,7,684
2022-10-10,8,2114
2022-10-10,9,1495
2022-10-10,10,900
2022-10-10,11,1028
2022-10-10,12,1242
2022-10-10,13,1327
2022-10-10,14,1216
2022-10-10,15,1434
2022-10-10,16,1884
2022-10-10,17,3357
2022-10-10,18,3304
2022-10-10,19,1943
2022-10-10,20,1173
2022-10-10,21,799
2022-10-10,22,596
2022-10-10,23,288
2022-10-11,0,134
2022-10-11,1,66
2022-10-11,2,40
2022-10-11,3,25
2022-10-11,4,46
2022-10-11,5,165
2022-10-11,6,778
2022-10-11,7,2298
2022-10-11,8,4159
2022-10-11,9,2132
2022-10-11,10,1219
2022-10-11,11,1136
2022-10-11,12,1268
2022-10-11,13,1300
2022-10-11,14,1247
2022-10-11,15,1469
2022-10-11,16,2004
2022-10-11,17,3733
2022-10-11,18,3755
2022-10-11,19,2219
2022-10-11,20,1392
2022-10-11,21,990
2022-10-11,22,756
2022-10-11,23,413
2022-10-12,0,198
2022-10-12,1,104
2022-10-12,2,37
2022-10-12,3,8
2022-10-12,4,7
2022-10-12,5,32
2022-10-12,6,170
2022-10-12,7,782
2022-10-12,8,2463
2022-10-12,9,2223
2022-10-12,10,1295
2022-10-12,11,1162
2022-10-12,12,1445
2022-10-12,13,1393
2022-10-12,14,1289
2022-10-12,15,1447
2022-10-12,16,1871
2022-10-12,17,3192
2022-10-12,18,3259
2022-10-12,19,1972
2022-10-12,20,1289
2022-10-12,21,960
2022-10-12,22,781
2022-10-12,23,467
2022-10-13,0,173
2022-10-13,1,66
2022-10-13,2,54
2022-10-13,3,32
2022-10-13,4,30
2022-10-13,5,105
2022-10-13,6,613
2022-10-13,7,1910
2022-10-13,8,3736
2022-10-13,9,2243
2022-10-13,10,1144
2022-10-13,11,1044
2022-10-13,12,1160
2022-10-13,13,1263
2022-10-13,14,1170
2022-10-13,15,1447
2022-10-13,16,2006
2022-10-13,17,3442
2022-10-13,18,3434
2022-10-13,19,2110
2022-10-13,20,1320
2022-10-13,21,1024
2022-10-13,22,972
2022-10-13,23,615
2022-10-14,0,116
2022-10-14,2,101
2022-10-14,3,57
2022-10-14,4,67
2022-10-14,5,145
2022-10-14,6,579
2022-10-14,7,1522
2022-10-14,8,2883
2022-10-14,9,1864
2022-10-14,10,1322
2022-10-14,11,1270
2022-10-14,12,1515
2022-10-14,13,1473
2022-10-14,14,1265
2022-10-14,15,1538
2022-10-14,16,1982
2022-10-14,17,2562
2022-10-14,18,2265
2022-10-14,19,1725
2022-10-14,20,1108
2022-10-14,21,859
2022-10-14,22,766
2022-10-14,23,734
2022-10-15,0,522
2022-10-15,1,386
2022-10-15,2,258
2022-10-15,3,176
2022-10-15,4,118
2022-10-15,5,70
2022-10-15,6,170
2022-10-15,7,312
2022-10-15,8,739
2022-10-15,9,1326
2022-10-15,10,1701
2022-10-15,11,2066
2022-10-15,12,2073
2022-10-15,13,2139
2022-10-15,14,2098
2022-10-15,15,2041
2022-10-15,16,1844
2022-10-15,17,1927
2022-10-15,18,1610
2022-10-15,19,1225
2022-10-15,20,881
2022-10-15,21,745
2022-10-15,22,649
2022-10-15,23,663
2022-10-16,0,521
2022-10-16,1,418
2022-10-16,2,304
2022-10-16,3,202
2022-10-16,4,118
2022-10-16,5,56
2022-10-16,6,117
2022-10-16,7,226
2022-10-16,8,471
2022-10-16,9,940
2022-10-16,10,1462
2022-10-16,11,1892
2022-10-16,12,2186
2022-10-16,13,2257
2022-10-16,14,2119
2022-10-16,15,1999
2022-10-16,16,2067
2022-10-16,17,1722
2022-10-16,18,1235
2022-10-16,19,798
2022-10-16,20,598
2022-10-16,21,506
2022-10-16,22,195
2022-10-16,23,181
2022-10-17,0,118
2022-10-17,1,74
2022-10-17,2,59
2022-10-17,3,35
2022-10-17,4,44
2022-10-17,5,133
2022-10-17,6,447
2022-10-17,7,1402
2022-10-17,8,2953
2022-10-17,9,1671
2022-10-17,10,1004
2022-10-17,11,962
2022-10-17,12,1201
2022-10-17,13,1285
2022-10-17,14,1163
2022-10-17,15,1426
2022-10-17,16,1837
2022-10-17,17,3294
2022-10-17,18,3344
2022-10-17,19,2083
2022-10-17,20,1275
2022-10-17,21,906
2022-10-17,22,637
2022-10-17,23,316
2022-10-18,0,148
2022-10-18,1,67
2022-10-18,2,31
2022-10-18,3,36
2022-10-18,4,42
2022-10-18,5,148
2022-10-18,6,803
2022-10-18,7,2241
2022-10-18,8,4022
2022-10-18,9,2158
2022-10-18,10,1172
2022-10-18,11,1025
2022-10-18,12,1178
2022-10-18,13,1295
2022-10-18,14,1283
2022-10-18,15,1398
2022-10-18,16,2120
2022-10-18,17,3648
2022-10-18,18,3595
2022-10-18,19,2124
2022-10-18,20,1303
2022-10-18,21,950
2022-10-18,22,723
2022-10-18,23,429
2022-10-19,0,189
2022-10-19,1,79
2022-10-19,2,48
2022-10-19,3,49
2022-10-19,4,60
2022-10-19,5,147
2022-10-19,6,786
2022-10-19,7,2128
2022-10-19,8,4039
2022-10-19,9,2112
2022-10-19,10,1149
2022-10-19,11,1158
2022-10-19,12,1387
2022-10-19,13,1343
2022-10-19,14,1224
2022-10-19,15,1434
2022-10-19,16,2009
2022-10-19,17,3348
2022-10-19,18,3367
2022-10-19,19,2002
2022-10-19,20,1172
2022-10-19,21,906
2022-10-19,22,851
2022-10-19,23,516
2022-10-20,0,236
2022-10-20,1,131
2022-10-20,2,67
2022-10-20,3,49
2022-10-20,4,50
2022-10-20,5,166
2022-10-20,6,619
2022-10-20,7,1351
2022-10-20,8,2485
2022-10-20,9,1473
2022-10-20,10,698
2022-10-20,11,641
2022-10-20,12,1069
2022-10-20,13,1087
2022-10-20,14,711
2022-10-20,15,1057
2022-10-20,16,1705
2022-10-20,17,3082
2022-10-20,18,3073
2022-10-20,19,1786
2022-10-20,20,1306
2022-10-20,21,884
2022-10-20,22,796
2022-10-20,23,524
2022-10-21,0,47
2022-10-21,1,38
2022-10-21,2,102
2022-10-21,3,74
2022-10-21,4,67
2022-10-21,5,128
2022-10-21,6,538
2022-10-21,7,1400
2022-10-21,8,2658
2022-10-21,9,1724
2022-10-21,10,1188
2022-10-21,11,1077
2022-10-21,12,1353
2022-10-21,13,1407
2022-10-21,14,1357
2022-10-21,15,1562
2022-10-21,16,2049
2022-10-21,17,2264
2022-10-21,18,1761
2022-10-21,19,1405
2022-10-21,20,920
2022-10-21,21,693
2022-10-21,22,723
2022-10-21,23,349
2022-10-22,0,314
2022-10-22,1,309
2022-10-22,2,216
2022-10-22,3,186
2022-10-22,4,111
2022-10-22,5,75
2022-10-22,6,129
2022-10-22,7,282
2022-10-22,8,695
2022-10-22,9,1152
2022-10-22,10,1655
2022-10-22,11,2014
2022-10-22,12,2244
2022-10-22,13,2259
2022-10-22,14,2344
2022-10-22,15,2330
2022-10-22,16,2228
2022-10-22,17,2283
2022-10-22,18,1803
2022-10-22,19,1424
2022-10-22,20,977
2022-10-22,21,786
2022-10-22,22,797
2022-10-22,23,777
2022-10-23,0,589
2022-10-23,1,433
2022-10-23,2,360
2022-10-23,3,246
2022-10-23,4,113
2022-10-23,5,93
2022-10-23,6,108
2022-10-23,7,169
2022-10-23,8,269
2022-10-23,9,402
2022-10-23,10,305
2022-10-23,11,655
2022-10-23,12,1237
2022-10-23,13,1496
2022-10-23,14,1679
2022-10-23,15,1723
2022-10-23,16,1737
2022-10-23,17,566
2022-10-23,18,706
2022-10-23,19,600
2022-10-23,20,465
2022-10-23,21,260
2022-10-23,22,131
2022-10-23,23,96
2022-10-24,0,103
2022-10-24,1,48
2022-10-24,2,31
2022-10-24,3,15
2022-10-24,4,36
2022-10-24,5,134
2022-10-24,6,552
2022-10-24,7,1518
2022-10-24,8,2853
2022-10-24,9,1718
2022-10-24,10,1084
2022-10-24,11,1091
2022-10-24,12,1343
2022-10-24,13,1378
2022-10-24,14,1327
2022-10-24,15,1490
2022-10-24,16,1889
2022-10-24,17,3099
2022-10-24,18,2692
2022-10-24,19,1456
2022-10-24,20,1119
2022-10-24,21,765
2022-10-24,22,583
2022-10-24,23,307
2022-10-25,0,165
2022-10-25,1,98
2022-10-25,2,56
2022-10-25,3,25
2022-10-25,4,46
2022-10-25,5,146
2022-10-25,6,735
2022-10-25,7,1801
2022-10-25,8,3594
2022-10-25,9,1989
2022-10-25,10,1172
2022-10-25,11,1084
2022-10-25,12,1249
2022-10-25,13,1331
2022-10-25,14,1281
2022-10-25,15,1418
2022-10-25,16,1991
2022-10-25,17,3544
2022-10-25,18,3469
2022-10-25,19,2124
2022-10-25,20,1422
2022-10-25,21,1054
2022-10-25,22,848
2022-10-25,23,450
2022-10-26,0,219
2022-10-26,1,110
2022-10-26,2,57
2022-10-26,3,49
2022-10-26,4,54
2022-10-26,5,151
2022-10-26,6,679
2022-10-26,7,2022
2022-10-26,8,3743
2022-10-26,9,2092
2022-10-26,10,1205
2022-10-26,11,1078
2022-10-26,12,1379
2022-10-26,13,1327
2022-10-26,14,1327
2022-10-26,15,1492
2022-10-26,16,1910
2022-10-26,17,3445
2022-10-26,18,3279
2022-10-26,19,2197
2022-10-26,20,1352
2022-10-26,21,1080
2022-10-26,22,890
2022-10-26,23,599
2022-10-27,0,303
2022-10-27,1,161
2022-10-27,2,100
2022-10-27,3,73
2022-10-27,4,65
2022-10-27,5,156
2022-10-27,6,691
2022-10-27,7,1757
2022-10-27,8,3156
2022-10-27,9,1887
2022-10-27,10,1223
2022-10-27,11,1141
2022-10-27,12,1347
2022-10-27,13,1429
2022-10-27,14,1360
2022-10-27,15,1546
2022-10-27,16,2021
2022-10-27,17,3418
2022-10-27,18,3318
2022-10-27,19,2217
2022-10-27,20,1419
2022-10-27,21,1180
2022-10-27,22,974
2022-10-27,23,750
2022-10-28,0,389
2022-10-28,1,231
2022-10-28,2,133
2022-10-28,3,92
2022-10-28,4,75
2022-10-28,5,137
2022-10-28,6,568
2022-10-28,7,1307
2022-10-28,8,2328
2022-10-28,9,1773
2022-10-28,10,1296
2022-10-28,11,1326
2022-10-28,12,1611
2022-10-28,13,1672
2022-10-28,14,1639
2022-10-28,15,1759
2022-10-28,16,2219
2022-10-28,17,2983
2022-10-28,18,2794
2022-10-28,19,1782
2022-10-28,20,1223
2022-10-28,21,941
2022-10-28,22,789
2022-10-28,23,750
2022-10-29,0,569
2022-10-29,1,461
2022-10-29,2,356
2022-10-29,3,181
2022-10-29,4,103
2022-10-29,5,112
2022-10-29,6,164
2022-10-29,7,320
2022-10-29,8,615
2022-10-29,9,1161
2022-10-29,10,1600
2022-10-29,11,2064
2022-10-29,12,2246
2022-10-29,13,2437
2022-10-29,14,2528
2022-10-29,15,2503
2022-10-29,16,2540
2022-10-29,17,2392
2022-10-29,18,2080
2022-10-29,19,1433
2022-10-29,20,1056
2022-10-29,21,866
2022-10-29,22,790
2022-10-29,23,790
2022-10-30,0,689
2022-10-30,1,1136
2022-10-30,2,346
2022-10-30,3,253
2022-10-30,4,137
2022-10-30,5,116
2022-10-30,6,144
2022-10-30,7,144
2022-10-30,8,286
2022-10-30,9,485
2022-10-30,10,1028
2022-10-30,11,1384
2022-10-30,12,1627
2022-10-30,13,1736
2022-10-30,14,1927
2022-10-30,15,1855
2022-10-30,16,1833
2022-10-30,17,1495
2022-10-30,18,1228
2022-10-30,19,885
2022-10-30,20,677
2022-10-30,21,560
2022-10-30,22,448
2022-10-30,23,329
2022-10-31,0,193
2022-10-31,1,100
2022-10-31,2,60
2022-10-31,3,50
2022-10-31,4,52
2022-10-31,5,154
2022-10-31,6,752
2022-10-31,7,2053
2022-10-31,8,3359
2022-10-31,9,1750
2022-10-31,10,1153
2022-10-31,11,1238
2022-10-31,12,1383
2022-10-31,13,1470
2022-10-31,14,1247
2022-10-31,15,1435
2022-10-31,16,1863
2022-10-31,17,2080
2022-10-31,18,2229
2022-10-31,19,1597
2022-10-31,20,957
2022-10-31,21,505
2022-10-31,22,337
2022-10-31,23,222
2022-11-01,0,141
2022-11-01,1,80
2022-11-01,2,52
2022-11-01,3,46
2022-11-01,4,56
2022-11-01,5,164
2022-11-01,6,854
2022-11-01,7,1953
2022-11-01,8,3035
2022-11-01,9,1322
2022-11-01,10,834
2022-11-01,11,952
2022-11-01,12,1030
2022-11-01,13,702
2022-11-01,14,918
2022-11-01,15,1275
2022-11-01,16,1798
2022-11-01,17,2531
2022-11-01,18,2824
2022-11-01,19,1645
2022-11-01,20,902
2022-11-01,21,715
2022-11-01,22,533
2022-11-01,23,270
2022-11-02,0,129
2022-11-02,1,65
2022-11-02,2,44
2022-11-02,3,32
2022-11-02,4,45
2022-11-02,5,158
2022-11-02,6,787
2022-11-02,7,2306
2022-11-02,8,4023
2022-11-02,9,2061
2022-11-02,10,1179
2022-11-02,11,1069
2022-11-02,12,1279
2022-11-02,13,1145
2022-11-02,14,1107
2022-11-02,15,1323
2022-11-02,16,1724
2022-11-02,17,2955
2022-11-02,18,2488
2022-11-02,19,1279
2022-11-02,20,841
2022-11-02,21,605
2022-11-02,22,404
2022-11-02,23,191
2022-11-03,0,128
2022-11-03,1,89
2022-11-03,2,56
2022-11-03,3,21
2022-11-03,4,29
2022-11-03,5,76
2022-11-03,6,254
2022-11-03,7,822
2022-11-03,8,2287
2022-11-03,9,1531
2022-11-03,10,725
2022-11-03,11,741
2022-11-03,12,945
2022-11-03,13,974
2022-11-03,14,983
2022-11-03,15,1211
2022-11-03,16,1595
2022-11-03,17,2601
2022-11-03,18,2709
2022-11-03,19,1706
2022-11-03,20,1042
2022-11-03,21,731
2022-11-03,22,728
2022-11-03,23,419
2022-11-04,0,139
2022-11-04,1,69
2022-11-04,2,48
2022-11-04,3,31
2022-11-04,4,53
2022-11-04,5,130
2022-11-04,6,553
2022-11-04,7,1485
2022-11-04,8,2696
2022-11-04,9,1743
2022-11-04,10,1267
2022-11-04,11,1310
2022-11-04,12,1537
2022-11-04,13,1463
2022-11-04,14,1297
2022-11-04,15,1558
2022-11-04,16,1894
2022-11-04,17,2502
2022-11-04,18,2288
2022-11-04,19,1542
2022-11-04,20,1025
2022-11-04,21,726
2022-11-04,22,691
2022-11-04,23,630
2022-11-05,0,449
2022-11-05,1,349
2022-11-05,2,183
2022-11-05,3,107
2022-11-05,4,89
2022-11-05,5,79
2022-11-05,6,137
2022-11-05,7,276
2022-11-05,8,509
2022-11-05,9,614
2022-11-05,10,727
2022-11-05,11,1118
2022-11-05,12,1062
2022-11-05,13,950
2022-11-05,14,1200
2022-11-05,15,1230
2022-11-05,16,1187
2022-11-05,17,1150
2022-11-05,18,1079
2022-11-05,19,1009
2022-11-05,20,665
2022-11-05,21,734
2022-11-05,22,525
2022-11-05,23,458
2022-11-06,0,315
2022-11-06,1,281
2022-11-06,2,229
2022-11-06,3,135
2022-11-06,4,55
2022-11-06,5,47
2022-11-06,6,76
2022-11-06,7,142
2022-11-06,8,111
2022-11-06,9,183
2022-11-06,10,384
2022-11-06,11,849
2022-11-06,12,1128
2022-11-06,13,812
2022-11-06,14,518
2022-11-06,15,1133
2022-11-06,16,1239
2022-11-06,17,1095
2022-11-06,18,942
2022-11-06,19,733
2022-11-06,20,723
2022-11-06,21,459
2022-11-06,22,412
2022-11-06,23,245
2022-11-07,0,153
2022-11-07,1,99
2022-11-07,2,35
2022-11-07,3,35
2022-11-07,4,49
2022-11-07,5,147
2022-11-07,6,605
2022-11-07,7,1554
2022-11-07,8,2796
2022-11-07,9,1437
2022-11-07,10,658
2022-11-07,11,647
2022-11-07,12,697
2022-11-07,13,853
2022-11-07,14,767
2022-11-07,15,1026
2022-11-07,16,1184
2022-11-07,17,2318
2022-11-07,18,2212
2022-11-07,19,1545
2022-11-07,20,1012
2022-11-07,21,758
2022-11-07,22,514
2022-11-07,23,273
2022-11-08,0,120
2022-11-08,1,81
2022-11-08,2,29
2022-11-08,3,43
2022-11-08,4,43
2022-11-08,5,143
2022-11-08,6,390
2022-11-08,7,1750
2022-11-08,8,3574
2022-11-08,9,2100
2022-11-08,10,1090
2022-11-08,11,768
2022-11-08,12,958
2022-11-08,13,607
2022-11-08,14,604
2022-11-08,15,992
2022-11-08,16,1401
2022-11-08,17,2359
2022-11-08,18,2804
2022-11-08,19,1747
2022-11-08,20,1128
2022-11-08,21,829
2022-11-08,22,637
2022-11-08,23,356
2022-11-09,0,181
2022-11-09,1,87
2022-11-09,2,40
2022-11-09,3,27
2022-11-09,4,57
2022-11-09,5,117
2022-11-09,6,569
2022-11-09,7,1901
2022-11-09,8,3510
2022-11-09,9,1866
2022-11-09,10,1071
2022-11-09,11,959
2022-11-09,12,1247
2022-11-09,13,1224
2022-11-09,14,1156
2022-11-09,15,1290
2022-11-09,16,1795
2022-11-09,17,2928
2022-11-09,18,2955
2022-11-09,19,1922
2022-11-09,20,1155
2022-11-09,21,897
2022-11-09,22,768
2022-11-09,23,458
2022-11-10,0,199
2022-11-10,1,123
2022-11-10,2,66
2022-11-10,3,32
2022-11-10,4,49
2022-11-10,5,195
2022-11-10,6,1174
2022-11-10,7,3330
2022-11-10,8,5111
2022-11-10,9,2999
2022-11-10,10,1614
2022-11-10,11,1462
2022-11-10,12,1695
2022-11-10,13,1645
2022-11-10,14,1693
2022-11-10,15,2284
2022-11-10,16,2944
2022-11-10,17,4579
2022-11-10,18,4896
2022-11-10,19,2972
2022-11-10,20,1682
2022-11-10,21,1309
2022-11-10,22,1249
2022-11-10,23,900
2022-11-11,0,132
2022-11-11,1,25
2022-11-11,2,63
2022-11-11,3,43
2022-11-11,4,88
2022-11-11,5,164
2022-11-11,6,973
2022-11-11,7,2508
2022-11-11,8,3216
2022-11-11,9,1901
2022-11-11,10,1294
2022-11-11,11,1254
2022-11-11,12,1544
2022-11-11,13,1589
2022-11-11,14,1526
2022-11-11,15,1670
2022-11-11,16,2017
2022-11-11,17,2575
2022-11-11,18,2511
2022-11-11,19,1659
2022-11-11,20,1109
2022-11-11,21,861
2022-11-11,22,762
2022-11-11,23,676
2022-11-12,0,596
2022-11-12,1,391
2022-11-12,2,266
2022-11-12,3,191
2022-11-12,4,167
2022-11-12,5,109
2022-11-12,6,163
2022-11-12,7,342
2022-11-12,8,798
2022-11-12,9,1223
2022-11-12,10,1640
2022-11-12,11,2018
2022-11-12,12,2277
2022-11-12,13,2347
2022-11-12,14,2530
2022-11-12,15,2427
2022-11-12,16,2090
2022-11-12,17,1809
2022-11-12,18,1489
2022-11-12,19,1234
2022-11-12,20,816
2022-11-12,21,705
2022-11-12,22,617
2022-11-12,23,669
2022-11-13,0,509
2022-11-13,1,459
2022-11-13,2,336
2022-11-13,3,197
2022-11-13,4,136
2022-11-13,5,111
2022-11-13,6,149
2022-11-13,7,225
2022-11-13,8,431
2022-11-13,9,855
2022-11-13,10,1329
2022-11-13,11,1622
2022-11-13,12,1849
2022-11-13,13,1948
2022-11-13,14,2015
2022-11-13,15,1990
2022-11-13,16,1661
2022-11-13,17,1389
2022-11-13,18,1189
2022-11-13,19,850
2022-11-13,20,669
2022-11-13,21,444
2022-11-13,22,442
2022-11-13,23,290
2022-11-14,0,168
2022-11-14,1,101
2022-11-14,2,49
2022-11-14,3,32
2022-11-14,4,56
2022-11-14,5,143
2022-11-14,6,687
2022-11-14,7,1931
2022-11-14,8,3201
2022-11-14,9,1725
2022-11-14,10,980
2022-11-14,11,928
2022-11-14,12,1079
2022-11-14,13,1157
2022-11-14,14,1033
2022-11-14,15,1327
2022-11-14,16,1714
2022-11-14,17,2880
2022-11-14,18,2945
2022-11-14,19,1900
2022-11-14,20,1189
2022-11-14,21,852
2022-11-14,22,629
2022-11-14,23,320
2022-11-15,0,169
2022-11-15,1,74
2022-11-15,2,50
2022-11-15,3,36
2022-11-15,4,47
2022-11-15,5,179
2022-11-15,6,722
2022-11-15,7,1709
2022-11-15,8,2494
2022-11-15,9,1002
2022-11-15,10,377
2022-11-15,11,290
2022-11-15,12,442
2022-11-15,13,694
2022-11-15,14,869
2022-11-15,15,1179
2022-11-15,16,1578
2022-11-15,17,2760
2022-11-15,18,2922
2022-11-15,19,1819
2022-11-15,20,1085
2022-11-15,21,804
2022-11-15,22,566
2022-11-15,23,326
2022-11-16,0,156
2022-11-16,1,58
2022-11-16,2,35
2022-11-16,3,32
2022-11-16,4,30
2022-11-16,5,123
2022-11-16,6,469
2022-11-16,7,1655
2022-11-16,8,1618
2022-11-16,9,1580
2022-11-16,10,1028
2022-11-16,11,995
2022-11-16,12,1243
2022-11-16,13,1174
2022-11-16,14,1114
2022-11-16,15,1088
2022-11-16,16,1086
2022-11-16,17,2211
2022-11-16,18,1249
2022-11-16,19,1018
2022-11-16,20,370
2022-11-16,21,491
2022-11-16,22,491
2022-11-16,23,281
2022-11-17,0,122
2022-11-17,1,54
2022-11-17,2,57
2022-11-17,3,39
2022-11-17,4,32
2022-11-17,5,68
2022-11-17,6,250
2022-11-17,7,907
2022-11-17,8,2274
2022-11-17,9,1658
2022-11-17,10,1011
2022-11-17,11,930
2022-11-17,12,1070
2022-11-17,13,1052
2022-11-17,14,978
2022-11-17,15,1233
2022-11-17,16,1685
2022-11-17,17,2647
2022-11-17,18,2660
2022-11-17,19,1747
2022-11-17,20,1106
2022-11-17,21,867
2022-11-17,22,617
2022-11-17,23,393
2022-11-18,0,203
2022-11-18,1,133
2022-11-18,2,77
2022-11-18,3,49
2022-11-18,4,54
2022-11-18,5,143
2022-11-18,6,501
2022-11-18,7,1435
2022-11-18,8,2575
2022-11-18,9,1746
2022-11-18,10,1190
2022-11-18,11,1222
2022-11-18,12,1472
2022-11-18,13,1427
2022-11-18,14,1349
2022-11-18,15,1438
2022-11-18,16,1747
2022-11-18,17,2418
2022-11-18,18,2285
2022-11-18,19,1547
2022-11-18,20,968
2022-11-18,21,808
2022-11-18,22,724
2022-11-18,23,681
2022-11-19,0,448
2022-11-19,1,327
2022-11-19,2,225
2022-11-19,3,172
2022-11-19,4,140
2022-11-19,5,90
2022-11-19,6,138
2022-11-19,7,316
2022-11-19,8,634
2022-11-19,9,1065
2022-11-19,10,1398
2022-11-19,11,1683
2022-11-19,12,1846
2022-11-19,13,1755
2022-11-19,14,1778
2022-11-19,15,1849
2022-11-19,16,1672
2022-11-19,17,1430
2022-11-19,18,1287
2022-11-19,19,1097
2022-11-19,20,828
2022-11-19,21,623
2022-11-19,22,654
2022-11-19,23,560
2022-11-20,0,499
2022-11-20,1,327
2022-11-20,2,241
2022-11-20,3,177
2022-11-20,4,94
2022-11-20,5,41
2022-11-20,6,90
2022-11-20,7,67
2022-11-20,8,277
2022-11-20,9,646
2022-11-20,10,1138
2022-11-20,11,1446
2022-11-20,12,1800
2022-11-20,13,1748
2022-11-20,14,1598
2022-11-20,15,1292
2022-11-20,16,930
2022-11-20,17,965
2022-11-20,18,855
2022-11-20,19,613
2022-11-20,20,506
2022-11-20,21,426
2022-11-20,22,326
2022-11-20,23,236
2022-11-21,0,137
2022-11-21,1,84
2022-11-21,2,45
2022-11-21,3,39
2022-11-21,4,58
2022-11-21,5,139
2022-11-21,6,648
2022-11-21,7,1708
2022-11-21,8,2979
2022-11-21,9,1603
2022-11-21,10,736
2022-11-21,11,497
2022-11-21,12,581
2022-11-21,13,452
2022-11-21,14,444
2022-11-21,15,718
2022-11-21,16,988
2022-11-21,17,1906
2022-11-21,18,2248
2022-11-21,19,1464
2022-11-21,20,898
2022-11-21,21,662
2022-11-21,22,476
2022-11-21,23,267
2022-11-22,0,19
2022-11-22,4,18
2022-11-22,5,160
2022-11-22,6,730
2022-11-22,7,2043
2022-11-22,8,3709
2022-11-22,9,1901
2022-11-22,10,933
2022-11-22,11,889
2022-11-22,12,1049
2022-11-22,13,1049
2022-11-22,14,969
2022-11-22,15,1225
2022-11-22,16,1630
2022-11-22,17,2863
2022-11-22,18,3040
2022-11-22,19,1815
2022-11-22,20,1094
2022-11-22,21,948
2022-11-22,22,686
2022-11-22,23,357
2022-11-23,0,141
2022-11-23,1,79
2022-11-23,2,38
2022-11-23,3,21
2022-11-23,4,43
2022-11-23,5,130
2022-11-23,6,691
2022-11-23,7,1507
2022-11-23,8,2138
2022-11-23,9,985
2022-11-23,10,940
2022-11-23,11,843
2022-11-23,12,1197
2022-11-23,13,1135
2022-11-23,14,1037
2022-11-23,15,1292
2022-11-23,16,1539
2022-11-23,17,2661
2022-11-23,18,2828
2022-11-23,19,1697
2022-11-23,20,1117
2022-11-23,21,890
2022-11-23,22,682
2022-11-23,23,421
2022-11-24,0,187
2022-11-24,1,84
2022-11-24,2,49
2022-11-24,3,34
2022-11-24,4,56
2022-11-24,5,124
2022-11-24,6,654
2022-11-24,7,1977
2022-11-24,8,3704
2022-11-24,9,1973
2022-11-24,10,1074
2022-11-24,11,1032
2022-11-24,12,1191
2022-11-24,13,1068
2022-11-24,14,842
2022-11-24,15,859
2022-11-24,16,1136
2022-11-24,17,1992
2022-11-24,18,2411
2022-11-24,19,1502
2022-11-24,20,1002
2022-11-24,21,806
2022-11-24,22,713
2022-11-24,23,502
2022-11-25,0,338
2022-11-25,1,131
2022-11-25,2,97
2022-11-25,3,50
2022-11-25,4,56
2022-11-25,5,126
2022-11-25,6,540
2022-11-25,7,1406
2022-11-25,8,2477
2022-11-25,9,1626
2022-11-25,10,1150
2022-11-25,11,1160
2022-11-25,12,1571
2022-11-25,13,1508
2022-11-25,14,1370
2022-11-25,15,1624
2022-11-25,16,1924
2022-11-25,17,2441
2022-11-25,18,2533
2022-11-25,19,1336
2022-11-25,20,767
2022-11-25,21,869
2022-11-25,22,737
2022-11-25,23,766
2022-11-26,0,544
2022-11-26,1,391
2022-11-26,2,267
2022-11-26,3,232
2022-11-26,4,141
2022-11-26,5,87
2022-11-26,6,129
2022-11-26,7,299
2022-11-26,8,636
2022-11-26,9,1127
2022-11-26,10,1527
2022-11-26,11,1677
2022-11-26,12,1980
2022-11-26,13,1883
2022-11-26,14,1860
2022-11-26,15,1851
2022-11-26,16,1469
2022-11-26,17,1327
2022-11-26,18,1224
2022-11-26,19,963
2022-11-26,20,667
2022-11-26,21,648
2022-11-26,22,625
2022-11-26,23,411
2022-11-27,0,229
2022-11-27,1,182
2022-11-27,2,137
2022-11-27,3,102
2022-11-27,4,92
2022-11-27,5,58
2022-11-27,6,85
2022-11-27,7,154
2022-11-27,8,242
2022-11-27,9,472
2022-11-27,10,765
2022-11-27,11,993
2022-11-27,12,1286
2022-11-27,13,1257
2022-11-27,14,1241
2022-11-27,15,1090
2022-11-27,16,918
2022-11-27,17,795
2022-11-27,18,741
2022-11-27,19,517
2022-11-27,20,409
2022-11-27,21,456
2022-11-27,22,390
2022-11-27,23,253
2022-11-28,0,196
2022-11-28,1,58
2022-11-28,2,45
2022-11-28,3,23
2022-11-28,4,63
2022-11-28,5,132
2022-11-28,6,605
2022-11-28,7,1643
2022-11-28,8,2969
2022-11-28,9,1668
2022-11-28,10,1008
2022-11-28,11,921
2022-11-28,12,1110
2022-11-28,13,1186
2022-11-28,14,811
2022-11-28,15,1075
2022-11-28,16,1434
2022-11-28,17,2307
2022-11-28,18,2443
2022-11-28,19,1633
2022-11-28,20,1056
2022-11-28,21,781
2022-11-28,22,550
2022-11-28,23,320
2022-11-29,0,132
2022-11-29,1,61
2022-11-29,2,36
2022-11-29,3,30
2022-11-29,4,47
2022-11-29,5,131
2022-11-29,6,761
2022-11-29,7,2040
2022-11-29,8,3506
2022-11-29,9,1820
2022-11-29,10,1048
2022-11-29,11,815
2022-11-29,12,984
2022-11-29,13,1007
2022-11-29,14,893
2022-11-29,15,1145
2022-11-29,16,1592
2022-11-29,17,3038
2022-11-29,18,3034
2022-11-29,19,1485
2022-11-29,20,964
2022-11-29,21,1149
2022-11-29,22,678
2022-11-29,23,412
2022-11-30,0,175
2022-11-30,1,94
2022-11-30,2,58
2022-11-30,3,31
2022-11-30,4,52
2022-11-30,5,139
2022-11-30,6,701
2022-11-30,7,1935
2022-11-30,8,3532
2022-11-30,9,1919
2022-11-30,10,1030
2022-11-30,11,963
2022-11-30,12,1226
2022-11-30,13,1233
2022-11-30,14,1030
2022-11-30,15,1207
2022-11-30,16,1534
2022-11-30,17,2879
2022-11-30,18,2864
2022-11-30,19,1752
2022-11-30,20,1083
2022-11-30,21,952
2022-11-30,22,758
2022-11-30,23,467
2022-12-01,0,224
2022-12-01,1,124
2022-12-01,2,62
2022-12-01,3,49
2022-12-01,4,76
2022-12-01,5,133
2022-12-01,6,644
2022-12-01,7,1912
2022-12-01,8,3528
2022-12-01,9,2037
2022-12-01,10,1135
2022-12-01,11,1010
2022-12-01,12,1172
2022-12-01,13,1212
2022-12-01,14,1040
2022-12-01,15,1298
2022-12-01,16,1572
2022-12-01,17,2626
2022-12-01,18,2522
2022-12-01,19,1587
2022-12-01,20,936
2022-12-01,21,906
2022-12-01,22,793
2022-12-01,23,525
2022-12-02,0,390
2022-12-02,1,248
2022-12-02,2,149
2022-12-02,3,89
2022-12-02,4,60
2022-12-02,5,126
2022-12-02,6,495
2022-12-02,7,1360
2022-12-02,8,2325
2022-12-02,9,1667
2022-12-02,10,1050
2022-12-02,11,1020
2022-12-02,12,1250
2022-12-02,13,1291
2022-12-02,14,1235
2022-12-02,15,1305
2022-12-02,16,1578
2022-12-02,17,2129
2022-12-02,18,1775
2022-12-02,19,1300
2022-12-02,20,786
2022-12-02,21,639
2022-12-02,22,543
2022-12-02,23,525
2022-12-03,0,380
2022-12-03,1,318
2022-12-03,2,202
2022-12-03,3,149
2022-12-03,4,87
2022-12-03,5,77
2022-12-03,6,136
2022-12-03,7,285
2022-12-03,8,590
2022-12-03,9,957
2022-12-03,10,1259
2022-12-03,11,1466
2022-12-03,12,1629
2022-12-03,13,1535
2022-12-03,14,1649
2022-12-03,15,1391
2022-12-03,16,1258
2022-12-03,17,1228
2022-12-03,18,1263
2022-12-03,19,911
2022-12-03,20,591
2022-12-03,21,554
2022-12-03,22,561
2022-12-03,23,457
2022-12-04,0,426
2022-12-04,1,324
2022-12-04,2,230
2022-12-04,3,151
2022-12-04,4,124
2022-12-04,5,70
2022-12-04,6,109
2022-12-04,7,142
2022-12-04,8,315
2022-12-04,9,570
2022-12-04,10,846
2022-12-04,11,1080
2022-12-04,12,1329
2022-12-04,13,1245
2022-12-04,14,1345
2022-12-04,15,1099
2022-12-04,16,973
2022-12-04,17,1039
2022-12-04,18,963
2022-12-04,19,490
2022-12-04,20,385
2022-12-04,21,551
2022-12-04,22,343
2022-12-04,23,205
2022-12-05,0,124
2022-12-05,1,64
2022-12-05,2,32
2022-12-05,3,35
2022-12-05,4,55
2022-12-05,5,128
2022-12-05,6,595
2022-12-05,7,1554
2022-12-05,8,2902
2022-12-05,9,1578
2022-12-05,10,832
2022-12-05,11,788
2022-12-05,12,1033
2022-12-05,13,1011
2022-12-05,14,956
2022-12-05,15,1080
2022-12-05,16,1353
2022-12-05,17,2483
2022-12-05,18,2468
2022-12-05,19,1556
2022-12-05,20,946
2022-12-05,21,728
2022-12-05,22,528
2022-12-05,23,296
2022-12-06,0,126
2022-12-06,1,79
2022-12-06,2,31
2022-12-06,3,30
2022-12-06,4,47
2022-12-06,5,141
2022-12-06,6,666
2022-12-06,7,1871
2022-12-06,8,3412
2022-12-06,9,1801
2022-12-06,10,1028
2022-12-06,11,997
2022-12-06,12,1075
2022-12-06,13,1019
2022-12-06,14,1010
2022-12-06,15,1042
2022-12-06,16,1436
2022-12-06,17,2532
2022-12-06,18,2742
2022-12-06,19,1539
2022-12-06,20,1032
2022-12-06,21,837
2022-12-06,22,685
2022-12-06,23,435
2022-12-07,0,176
2022-12-07,1,87
2022-12-07,2,46
2022-12-07,3,30
2022-12-07,4,38
2022-12-07,5,123
2022-12-07,6,607
2022-12-07,7,1801
2022-12-07,8,3312
2022-12-07,9,1803
2022-12-07,10,994
2022-12-07,11,896
2022-12-07,12,1194
2022-12-07,13,1045
2022-12-07,14,994
2022-12-07,15,1089
2022-12-07,16,1403
2022-12-07,17,2238
2022-12-07,18,2307
2022-12-07,19,1449
2022-12-07,20,971
2022-12-07,21,731
2022-12-07,22,593
2022-12-07,23,455
2022-12-08,0,67
2022-12-08,1,155
2022-12-08,2,83
2022-12-08,3,56
2022-12-08,4,49
2022-12-08,5,113
2022-12-08,6,499
2022-12-08,7,1424
2022-12-08,8,2755
2022-12-08,9,1837
2022-12-08,10,946
2022-12-08,11,866
2022-12-08,12,970
2022-12-08,13,1018
2022-12-08,14,938
2022-12-08,15,1092
2022-12-08,16,1314
2022-12-08,17,2086
2022-12-08,18,2084
2022-12-08,19,1368
2022-12-08,20,869
2022-12-08,21,685
2022-12-08,22,668
2022-12-08,23,517
2022-12-09,0,383
2022-12-09,1,307
2022-12-09,2,197
2022-12-09,3,100
2022-12-09,4,72
2022-12-09,5,105
2022-12-09,6,427
2022-12-09,7,1113
2022-12-09,8,2073
2022-12-09,9,1481
2022-12-09,10,1017
2022-12-09,11,969
2022-12-09,12,1264
2022-12-09,13,1185
2022-12-09,14,1078
2022-12-09,15,1254
2022-12-09,16,1312
2022-12-09,17,1814
2022-12-09,18,1793
2022-12-09,19,1098
2022-12-09,20,668
2022-12-09,21,460
2022-12-09,22,649
2022-12-09,23,469
2022-12-10,0,356
2022-12-10,1,281
2022-12-10,2,210
2022-12-10,3,125
2022-12-10,4,80
2022-12-10,5,57
2022-12-10,6,117
2022-12-10,7,232
2022-12-10,8,483
2022-12-10,9,826
2022-12-10,10,1049
2022-12-10,11,1256
2022-12-10,12,1440
2022-12-10,13,1460
2022-12-10,14,1421
2022-12-10,15,1259
2022-12-10,16,1096
2022-12-10,17,1249
2022-12-10,18,1264
2022-12-10,19,565
2022-12-10,20,322
2022-12-10,21,516
2022-12-10,22,484
2022-12-10,23,455
2022-12-11,0,343
2022-12-11,1,239
2022-12-11,2,193
2022-12-11,3,122
2022-12-11,4,82
2022-12-11,5,39
2022-12-11,6,79
2022-12-11,7,133
2022-12-11,8,221
2022-12-11,9,386
2022-12-11,10,619
2022-12-11,11,778
2022-12-11,12,985
2022-12-11,13,878
2022-12-11,14,895
2022-12-11,15,808
2022-12-11,16,798
2022-12-11,17,701
2022-12-11,18,574
2022-12-11,19,353
2022-12-11,20,160
2022-12-11,21,146
2022-12-11,22,105
2022-12-11,23,104
2022-12-12,0,63
2022-12-12,1,53
2022-12-12,2,23
2022-12-12,3,17
2022-12-12,4,17
2022-12-12,5,75
2022-12-12,6,275
2022-12-12,7,805
2022-12-12,8,1445
2022-12-12,9,945
2022-12-12,10,470
2022-12-12,11,446
2022-12-12,12,570
2022-12-12,13,569
2022-12-12,14,563
2022-12-12,15,673
2022-12-12,16,884
2022-12-12,17,1412
2022-12-12,18,1415
2022-12-12,19,920
2022-12-12,20,586
2022-12-12,21,468
2022-12-12,22,326
2022-12-12,23,212
2022-12-13,0,129
2022-12-13,1,56
2022-12-13,2,23
2022-12-13,3,17
2022-12-13,4,32
2022-12-13,5,106
2022-12-13,6,370
2022-12-13,7,919
2022-12-13,8,1909
2022-12-13,9,1192
2022-12-13,10,608
2022-12-13,11,626
2022-12-13,12,781
2022-12-13,13,723
2022-12-13,14,714
2022-12-13,15,821
2022-12-13,16,1021
2022-12-13,17,1471
2022-12-13,18,1856
2022-12-13,19,1120
2022-12-13,20,629
2022-12-13,21,523
2022-12-13,22,444
2022-12-13,23,285
2022-12-14,0,162
2022-12-14,1,54
2022-12-14,2,48
2022-12-14,3,34
2022-12-14,4,44
2022-12-14,5,105
2022-12-14,6,383
2022-12-14,7,1030
2022-12-14,8,1944
2022-12-14,9,1260
2022-12-14,10,691
2022-12-14,11,633
2022-12-14,12,802
2022-12-14,13,733
2022-12-14,14,711
2022-12-14,15,757
2022-12-14,16,965
2022-12-14,17,1397
2022-12-14,18,1820
2022-12-14,19,1025
2022-12-14,20,517
2022-12-14,21,579
2022-12-14,22,472
2022-12-14,23,300
2022-12-15,0,175
2022-12-15,1,71
2022-12-15,2,59
2022-12-15,3,36
2022-12-15,4,40
2022-12-15,5,83
2022-12-15,6,346
2022-12-15,7,923
2022-12-15,8,1949
2022-12-15,9,1423
2022-12-15,10,858
2022-12-15,11,722
2022-12-15,12,913
2022-12-15,13,819
2022-12-15,14,715
2022-12-15,15,898
2022-12-15,16,956
2022-12-15,17,1501
2022-12-15,18,1524
2022-12-15,19,1046
2022-12-15,20,608
2022-12-15,21,441
2022-12-15,22,551
2022-12-15,23,342
2022-12-16,0,321
2022-12-16,1,214
2022-12-16,2,110
2022-12-16,3,55
2022-12-16,4,48
2022-12-16,5,96
2022-12-16,6,288
2022-12-16,7,672
2022-12-16,8,1262
2022-12-16,9,983
2022-12-16,10,664
2022-12-16,11,669
2022-12-16,12,959
2022-12-16,13,961
2022-12-16,14,891
2022-12-16,15,933
2022-12-16,16,961
2022-12-16,17,1317
2022-12-16,18,1328
2022-12-16,19,938
2022-12-16,20,574
2022-12-16,21,408
2022-12-16,22,417
2022-12-16,23,353
2022-12-17,0,273
2022-12-17,1,207
2022-12-17,2,154
2022-12-17,3,99
2022-12-17,4,69
2022-12-17,5,59
2022-12-17,6,101
2022-12-17,7,148
2022-12-17,8,328
2022-12-17,9,565
2022-12-17,10,746
2022-12-17,11,937
2022-12-17,12,1100
2022-12-17,13,1124
2022-12-17,14,1115
2022-12-17,15,1107
2022-12-17,16,911
2022-12-17,17,947
2022-12-17,18,771
2022-12-17,19,632
2022-12-17,20,470
2022-12-17,21,332
2022-12-17,22,391
2022-12-17,23,311
2022-12-18,0,270
2022-12-18,1,184
2022-12-18,2,124
2022-12-18,3,93
2022-12-18,4,48
2022-12-18,5,44
2022-12-18,6,69
2022-12-18,7,112
2022-12-18,8,198
2022-12-18,9,372
2022-12-18,10,614
2022-12-18,11,531
2022-12-18,12,472
2022-12-18,13,400
2022-12-18,14,391
2022-12-18,15,244
2022-12-18,16,186
2022-12-18,17,147
2022-12-18,18,280
2022-12-18,19,229
2022-12-18,20,230
2022-12-18,21,224
2022-12-18,22,151
2022-12-18,23,166
2022-12-19,0,86
2022-12-19,1,50
2022-12-19,2,32
2022-12-19,3,39
2022-12-19,4,46
2022-12-19,5,85
2022-12-19,6,333
2022-12-19,7,776
2022-12-19,8,1445
2022-12-19,9,958
2022-12-19,10,445
2022-12-19,11,320
2022-12-19,12,565
2022-12-19,13,614
2022-12-19,14,667
2022-12-19,15,713
2022-12-19,16,862
2022-12-19,17,1361
2022-12-19,18,1346
2022-12-19,19,830
2022-12-19,20,543
2022-12-19,21,437
2022-12-19,22,293
2022-12-19,23,237
2022-12-20,0,130
2022-12-20,1,65
2022-12-20,2,50
2022-12-20,3,27
2022-12-20,4,42
2022-12-20,5,96
2022-12-20,6,284
2022-12-20,7,880
2022-12-20,8,1810
2022-12-20,9,1211
2022-12-20,10,821
2022-12-20,11,863
2022-12-20,12,1041
2022-12-20,13,978
2022-12-20,14,929
2022-12-20,15,1075
2022-12-20,16,1157
2022-12-20,17,1799
2022-12-20,18,1659
2022-12-20,19,1045
2022-12-20,20,702
2022-12-20,21,544
2022-12-20,22,487
2022-12-20,23,323
2022-12-21,0,22
2022-12-21,1,59
2022-12-21,2,50
2022-12-21,3,23
2022-12-21,4,46
2022-12-21,5,87
2022-12-21,6,329
2022-12-21,7,829
2022-12-21,8,1551
2022-12-21,9,1121
2022-12-21,10,746
2022-12-21,11,821
2022-12-21,12,968
2022-12-21,13,979
2022-12-21,14,947
2022-12-21,15,1024
2022-12-21,16,1173
2022-12-21,17,1564
2022-12-21,18,1408
2022-12-21,19,921
2022-12-21,20,619
2022-12-21,21,469
2022-12-21,22,435
2022-12-21,23,321
2022-12-22,0,155
2022-12-22,1,111
2022-12-22,2,72
2022-12-22,3,56
2022-12-22,4,38
2022-12-22,5,93
2022-12-22,6,269
2022-12-22,7,618
2022-12-22,8,1132
2022-12-22,9,817
2022-12-22,10,704
2022-12-22,11,794
2022-12-22,12,852
2022-12-22,13,900
2022-12-22,14,828
2022-12-22,15,779
2022-12-22,16,967
2022-12-22,17,1224
2022-12-22,18,939
2022-12-22,19,723
2022-12-22,20,473
2022-12-22,21,367
2022-12-22,22,344
2022-12-22,23,288
2022-12-23,0,193
2022-12-23,1,121
2022-12-23,2,85
2022-12-23,3,69
2022-12-23,4,68
2022-12-23,5,79
2022-12-23,6,170
2022-12-23,7,196
2022-12-23,8,211
2022-12-23,9,168
2022-12-23,10,193
2022-12-23,11,485
2022-12-23,12,796
2022-12-23,13,848
2022-12-23,14,831
2022-12-23,15,659
2022-12-23,16,784
2022-12-23,17,728
2022-12-23,18,721
2022-12-23,19,524
2022-12-23,20,422
2022-12-23,21,314
2022-12-23,22,308
2022-12-23,23,202
2022-12-24,0,166
2022-12-24,1,106
2022-12-24,2,72
2022-12-24,3,58
2022-12-24,4,50
2022-12-24,5,46
2022-12-24,6,80
2022-12-24,7,139
2022-12-24,8,267
2022-12-24,9,413
2022-12-24,10,558
2022-12-24,11,707
2022-12-24,12,684
2022-12-24,13,718
2022-12-24,14,729
2022-12-24,15,717
2022-12-24,16,612
2022-12-24,17,560
2022-12-24,18,402
2022-12-24,19,293
2022-12-24,20,235
2022-12-24,21,197
2022-12-24,22,209
2022-12-24,23,176
2022-12-25,0,184
2022-12-25,1,197
2022-12-25,2,106
2022-12-25,3,73
2022-12-25,4,53
2022-12-25,5,60
2022-12-25,6,114
2022-12-25,7,171
2022-12-25,8,263
2022-12-25,9,487
2022-12-25,10,864
2022-12-25,11,1213
2022-12-25,12,1592
2022-12-25,13,1554
2022-12-25,14,1783
2022-12-25,15,1750
2022-12-25,16,1557
2022-12-25,17,1232
2022-12-25,18,940
2022-12-25,19,540
2022-12-25,20,457
2022-12-25,21,365
2022-12-25,22,278
2022-12-25,23,250
2022-12-26,0,142
2022-12-26,1,114
2022-12-26,2,77
2022-12-26,3,21
2022-12-26,4,25
2022-12-26,5,33
2022-12-26,6,70
2022-12-26,7,97
2022-12-26,8,171
2022-12-26,9,307
2022-12-26,10,462
2022-12-26,11,607
2022-12-26,12,709
2022-12-26,13,649
2022-12-26,14,761
2022-12-26,15,693
2022-12-26,16,514
2022-12-26,17,425
2022-12-26,18,353
2022-12-26,19,249
2022-12-26,20,200
2022-12-26,21,196
2022-12-26,22,195
2022-12-26,23,132
2022-12-27,0,92
2022-12-27,1,59
2022-12-27,2,41
2022-12-27,3,35
2022-12-27,4,24
2022-12-27,5,28
2022-12-27,6,82
2022-12-27,7,114
2022-12-27,8,192
2022-12-27,9,324
2022-12-27,10,493
2022-12-27,11,681
2022-12-27,12,737
2022-12-27,13,854
2022-12-27,14,876
2022-12-27,15,620
2022-12-27,16,318
2022-12-27,17,267
2022-12-27,18,192
2022-12-27,19,239
2022-12-27,20,160
2022-12-27,21,183
2022-12-27,22,182
2022-12-27,23,122
2022-12-28,0,75
2022-12-28,1,64
2022-12-28,2,45
2022-12-28,3,21
2022-12-28,4,20
2022-12-28,5,52
2022-12-28,6,121
2022-12-28,7,212
2022-12-28,8,280
2022-12-28,9,332
2022-12-28,10,265
2022-12-28,11,263
2022-12-28,12,334
2022-12-28,13,419
2022-12-28,14,422
2022-12-28,15,471
2022-12-28,16,607
2022-12-28,17,589
2022-12-28,18,375
2022-12-28,19,401
2022-12-28,20,310
2022-12-28,21,250
2022-12-28,22,290
2022-12-28,23,177
2022-12-29,0,99
2022-12-29,1,59
2022-12-29,2,51
2022-12-29,3,42
2022-12-29,4,24
2022-12-29,5,50
2022-12-29,6,138
2022-12-29,7,296
2022-12-29,8,451
2022-12-29,9,530
2022-12-29,10,600
2022-12-29,11,753
2022-12-29,12,940
2022-12-29,13,936
2022-12-29,14,926
2022-12-29,15,948
2022-12-29,16,862
2022-12-29,17,840
2022-12-29,18,778
2022-12-29,19,580
2022-12-29,20,436
2022-12-29,21,308
2022-12-29,22,300
2022-12-29,23,207
2022-12-30,0,146
2022-12-30,1,96
2022-12-30,2,63
2022-12-30,3,36
2022-12-30,4,37
2022-12-30,5,64
2022-12-30,6,142
2022-12-30,7,265
2022-12-30,8,273
2022-12-30,9,253
2022-12-30,10,306
2022-12-30,11,492
2022-12-30,12,621
2022-12-30,13,772
2022-12-30,14,788
2022-12-30,15,1006
2022-12-30,16,930
2022-12-30,17,742
2022-12-30,18,535
2022-12-30,19,436
2022-12-30,20,366
2022-12-30,21,301
2022-12-30,22,325
2022-12-30,23,250
2022-12-31,0,222
2022-12-31,1,108
2022-12-31,2,68
2022-12-31,3,50
2022-12-31,4,59
2022-12-31,5,38
2022-12-31,6,72
2022-12-31,7,112
2022-12-31,8,271
2022-12-31,9,460
2022-12-31,10,475
2022-12-31,11,415
2022-12-31,12,341
2022-12-31,13,318
2022-12-31,14,386
2022-12-31,15,450
2022-12-31,16,361
2022-12-31,17,362
2022-12-31,18,433
2022-12-31,19,368
2022-12-31,20,443
2022-12-31,21,476
2022-12-31,22,496
2022-12-31,23,736
